:020000040800F2
:1000000078960020DD030008D1830008997B000862
:10001000C983000821080008A1CC000800000000E6
:10002000000000000000000000000000E186000861
:10003000710E000800000000F18300080987000825
:10004000FB030008FB030008FB030008FB03000898
:10005000FB030008FB030008FB030008FB03000888
:10006000FB030008FB030008FB030008B1090008BC
:10007000C1090008FB030008D1090008E1090008D4
:10008000F1090008010A0008FB030008B90E000886
:10009000C90E0008FB030008FB030008FB0300086F
:1000A000FB030008FB030008FB030008FB03000838
:1000B000FB030008FB030008FB030008FB03000828
:1000C000FB030008FB030008FB030008FB03000818
:1000D000FB03000869A4000879A4000889A40008AB
:1000E000FB030008FB03000800000000FB030008FE
:1000F000D9880008FB030008FB030008110A000868
:10010000FB030008FB030008FB030008FB030008D7
:10011000618A0008718A0008FB030008FB030008DD
:10012000210A0008310A0008FB030008FB0300084D
:10013000FB030008FB030008FB030008FB030008A7
:1001400000000000000000000000000000000000AF
:10015000FB030008FB030008FB03000899A4000848
:10016000FB030008FB030008FB030008FB03000877
:10017000FB030008D9830008FB030008000000000F
:10018000FB030008FB030008818A0008918A00082D
:10019000FB030008FB030008FB030008FB03000847
:1001A000FB030008FB030008FB030008000000003D
:1001B000FB030008FB030008FB030008FB03000827
:1001C000FB030008FB030008000000000000000023
:1001D0000000000000000000FB0300080000000019
:1001E000000000000000000000000000000000000F
:1001F0000000000000000000FB030008FB030008F3
:10020000FB030008FB03000800000000FB030008DC
:10021000FB030008FB030008FB030008FB030008C6
:10022000FB03000800000000FB03000800000000C2
:10023000FB030008FB03000800000000FB030008AC
:10024000FB030008FB030008FB030008FB03000896
:10025000FB030008FB030008FB030008FB03000886
:10026000FB030008FB030008FB030008FB03000876
:10027000FB030008FB030008FB030008000000006C
:10028000FB030008FB030008FB030008FB03000856
:1002900000000000FB030008FB0300080000000052
:1002A00000000000FB030008FB030008A18A00080F
:1002B00059A40008FB030008FB030008D90E00083E
:1002C000FB030008FB030008FB03000800F002F832
:1002D00000F074F814A696E8000CB244B344DA4572
:1002E00001D100F06BF8BAE80F000FA696E83000D5
:1002F000A5EB040504EB0607AAEB0704A7F1010729
:100300004FEA15154FEA3414A4F10104AC4201D3AD
:1003100000F054F813F0010F18BFFB1A43F001036B
:1003200000F001F8DBE71847483F0100683F010093
:100330000A444FF0000C10F8013B13F0070408BF0B
:1003400010F8014B1D1108BF10F8015B641E05D0A9
:1003500010F8016B641E01F8016BF9D113F0080F5E
:100360001EBF10F8014BAD1C0C1B09D16D1E58BFF0
:1003700001F801CBFAD505E014F8016B01F8016B27
:100380006D1EF9D59142D6D370470000704700002A
:100390000023002400250026103A28BF78C1FBD88E
:1003A000520728BF30C148BF0B6070471FB513F01C
:1003B00096F800F059F91FBD10B510BD00F0BAF95C
:1003C0001146FFF7F3FF10F06BFB00F0D8F903B410
:1003D000FFF7F2FF03BC00F0A3F900000A488047D2
:1003E0000A4880470A480047FEE7FEE7FEE7FEE7C7
:1003F000FEE7FEE7FEE7FEE7FEE7FEE70548064903
:10040000064A074B70470000890E00080188000863
:10041000CD02000878900020789600207892002085
:100420007892002053EA020C00F069802DE9F04B2D
:100430004FF00006002B1FBFB3FA83F503FA05F453
:1004400024FA05F65E4012BF1643B2FA82F502FAAC
:1004500005F4C5F120051EBF22FA05FC44EA0C0490
:10046000203556EA044C4FEA144418BF641C4FF080
:1004700000084FF00009904271EB030C39D30029BA
:1004800019BFB1FA81F701FA07F6B0FA80F700FA5E
:1004900007F6C7F120071EBF20FA07FC46EA0C0644
:1004A0002037B6FBF4FCA7EB0507103F07F01F0B46
:1004B000CBF120062CFA06F60CFA0BFB44BFB34630
:1004C0000026202FA4BF5E464FF0000B5BEA060C0F
:1004D00008BF4FF0010B19EB0B0948EB0608ABFB0B
:1004E000027C06FB02CC0BFB03CCC01B71EB0C01A6
:1004F000C1E70B46024641464846BDE8F08B13B5BE
:10050000084318BF4FF0FF300146AFF30080BDE84D
:100510001C407047032A40F2308010F0030C00F0BA
:10052000158011F8013BBCF1020F624498BF11F82D
:1005300001CB00F8013B38BF11F8013BA2F10402E6
:1005400098BF00F801CB38BF00F8013B11F003035E
:1005500000F02580083AC0F0088051F8043B083AC2
:1005600051F804CBA0E80810F5E7121D5CBF51F864
:10057000043B40F8043BAFF30080D20724BF11F8DE
:10058000013B11F801CB48BF11F8012B24BF00F843
:10059000013B00F801CB48BF00F8012B704710B5B4
:1005A000203AC0F00B80B1E81850A0E81850B1E82C
:1005B0001850A0E81850203ABFF4F5AF5FEA027C6B
:1005C00024BFB1E81850A0E8185044BF18C918C09B
:1005D000BDE810405FEA827C24BF51F8043B40F83C
:1005E000043B08BF7047D20728BF31F8023B48BF21
:1005F00011F8012B28BF20F8023B48BF00F8012B5F
:10060000704702F0FF0343EA032242EA024200F08D
:1006100002B84FF0000200B51346944696462039C2
:1006200022BFA0E80C50A0E80C50B1F12001BFF4AB
:10063000F7AF090728BFA0E80C5048BF0CC05DF811
:1006400004EB890028BF40F8042B08BF704748BF5F
:1006500020F8022B11F0804F18BF00F8012B7047D3
:10066000704770477047000008487CB57844009098
:1006700007487844009C0546019004E02046016844
:1006800008448047241DAC42F8D17CBD203C0100C9
:100690001E3C010070B50446051F00F02DF80068EF
:1006A000002C14BF446870BD002C18BFAC423CBF86
:1006B00020466468F8D301680A18AA4218BF45604A
:1006C00003D12A6805461144016028684119A142F6
:1006D0001CBF6C6070BD6168696021680844286057
:1006E00070BD10B500F00CF8006810BD10B50446E0
:1006F00000F006F8046010BD004870476005002057
:10070000004870475805002010B5002000F040F860
:10071000FFF752FEBDE81040012000F001B80000D4
:1007200001491820ABBEFEE72600020000487047D2
:10073000580500207546FFF7F9FFAE4605006946EB
:10074000534620F00700854618B020B5FFF756FE47
:10075000BDE820404FF000064FF000074FF00008C2
:100760004FF0000BAC46ACE8C009ACE8C009ACE8FF
:10077000C009ACE8C00921F007018D46704710B5EB
:100780000446AFF300802046BDE81040FFF71FBECF
:1007900010B500F00BF8BDE8104000F001B870474C
:1007A000002801D0FFF7BCBF7047000010B5002142
:1007B00002A000F013F8012010BD0000534947418A
:1007C0004252543A2041626E6F726D616C207465C2
:1007D000726D696E6174696F6E00000070B50546D8
:1007E0000C460A2000E06D1C00F011F835B12878A5
:1007F0000028F8D102E0641C00F009F814B1207858
:100800000028F8D1BDE870400A20AFF3008008B599
:1008100069468DF800000320ABBE08BD0000000053
:10082000FEE700000000000000207047000000000C
:10083000002070470000000010B542F28C5441F2D5
:10084000E831C2F20004C2F200010022204609F0A1
:10085000FBFF40F6E8312046C2F2000109F0E4FF58
:10086000002010BD00000000B0B50968044607F084
:10087000F3FD42F28C552146C2F20005284609F0EC
:10088000D3FF284609F0ACFF0020B0BD00000000F7
:10089000002070470000000042F28C52C2F20002B9
:1008A000D2F8BC22D2F81422002A1CBF01207047C3
:1008B00010B542F28C540A46C2F2000401462046AA
:1008C00009F0C2FF2046BDE810400AF045B800001C
:1008D00091B1F0B543F26452042901F0030CC0F663
:1008E00001020DD24FF0000E0021BCF1000F3AD1F1
:1008F000BDE8F04088B27047002188B2704700BF61
:1009000001F0FC01431CC1F1000E00216FF0030453
:100910008EB21D190434EF7887EA16262F7932F843
:10092000166086EA012189B287EA11216F79AD79D3
:1009300032F8111081EA0626B6B287EA162632F896
:10094000166086EA012189B285EA11210EEB0405C1
:10095000043532F8111081EA0621D9D104F1040ED0
:10096000BCF1000FC4D08CB210F80E30BCF1010FF6
:1009700083EA142332F8134084EA0121B8D089B203
:100980007044BCF1020F437883EA112132F8113030
:1009900083EA0421ACD089B2807880EA112032F851
:1009A000100080EA0321BDE8F04088B270470000E3
:1009B00042F66800C2F2000000F08ABE00000000AB
:1009C00042F6E000C2F2000000F082BE000000002B
:1009D00042F65810C2F2000000F07ABE000000009B
:1009E00042F6D010C2F2000000F072BE000000001B
:1009F00042F6C020C2F2000000F06ABE0000000013
:100A000042F63830C2F2000000F062BE0000000082
:100A100042F6B030C2F2000000F05ABE0000000002
:100A200042F62840C2F2000000F052BE0000000072
:100A300042F64820C2F2000000F04ABE000000006A
:100A400040F20F42D0F800C0C4F20202944511DC1B
:100A50006F22C4F20202944522DC3F22C4F2020259
:100A6000944539DC1022C4F2020294455AD028225F
:100A700054E000BF40F26F42C4F2020294451BDC16
:100A800040F23F42C4F2020294452DDC40F2104293
:100A9000C4F20202944545D040F228423EE000BF35
:100AA0009F22C4F20202944528DC7022C4F20202A2
:100AB000944537D0882231E040F29F42C4F20202CE
:100AC000944523DC40F27042C4F20202944529D0DE
:100AD00040F2884222E000BF4022C4F20202944564
:100AE00020D058221AE000BF40F24042C4F2020275
:100AF000944517D040F2584210E000BFA022C4F243
:100B0000020294450ED0B82208E000BF40F2B8427D
:100B1000C4F20202944505D040F2A042C4F202029F
:100B2000944517D10CF0F8024AF6AB23103ACAF6F6
:100B3000AA23A2FB03310AA35F2AC1F302115B5C63
:100B400040F2FF312CEA0101C36588BF04318165A1
:100B5000084670472CF0FF0181650846704700BFCA
:100B6000000610160006101670B540F26F44D0F85B
:100B700000C0C4F20204D0F858E0A4451ADC9F2556
:100B8000C4F20205AC4533DC5725C4F20205AC457E
:100B90005ADC1025C4F20205AC4500F098802825E7
:100BA000C4F20205AC4500F092804025C4F2020573
:100BB0008AE000BF45F22F45C5F60205AC452DDCA5
:100BC00040F2B745C4F20205AC454BDC40F270453B
:100BD000C4F20205AC457AD040F28845C4F2020561
:100BE000AC4574D040F2A045C4F202056CE000BFF1
:100BF00040F22745C4F20205AC4543DCA025C4F20F
:100C00000205AC4563D0B825C4F20205AC455ED000
:100C100040F21045C4F2020556E000BF45F26B45B4
:100C2000C5F60205AC453FDC45F23045C5F6020588
:100C3000AC454CD045F24445C5F60205AC4546D01E
:100C400045F258453EE000BF5825C4F20205AC45C8
:100C50003DD07025C4F20205AC4538D08825C4F2D9
:100C6000020531E040F2B845C4F20205AC452ED091
:100C700045F20845C5F60205AC4528D045F21C45AD
:100C800020E000BF40F22845C4F20205AC451ED06A
:100C900040F24045C4F20205AC4518D040F2584538
:100CA000C4F2020510E000BF45F26C45C5F602052E
:100CB000AC450CD045F29445C5F60205AC4506D0CE
:100CC00045F28045C5F60205AC4540F0D080456E42
:100CD000C66E002E866E6E601CBFD0E91C566E601C
:100CE000A44515DC9F24C4F20204A4452CDC57243F
:100CF000C4F20204A44551DC1024C4F20204A44549
:100D00007AD02824C4F20204A44575D040246FE0B0
:100D100045F22F44C5F60204A44529DC40F2B7444D
:100D2000C4F20204A44545DC40F27044C4F202045B
:100D3000A44561D040F28844C4F20204A4455BD0CB
:100D400040F2A04454E000BF40F22744C4F2020441
:100D5000A4453FDCA024C4F20204A4454CD0B8242E
:100D6000C4F20204A44547D040F2104440E000BF62
:100D700045F26B44C5F60204A44555DC45F2304407
:100D8000C5F60204A44561D045F24444C5F6020408
:100D9000A4455BD045F2584454E000BF5824C4F247
:100DA0000204A44528D07024C4F20204A44523D030
:100DB00088241DE040F2B844C4F20204A4451BD0CC
:100DC00045F20844C5F60204A4453FD045F21C4450
:100DD00038E000BF40F22844C4F20204A4450BD01E
:100DE00040F24044C4F20204A44505D040F2584405
:100DF000C4F20204A4453AD18468C06D00F01F001B
:100E00003F2505FA00F0CEF80800DCF80000402C81
:100E100020F48020CCF80000CCF8043023D1CCF8AA
:100E20000820CCF80C1070BD45F26C44C5F60204E5
:100E3000A4450BD045F28044C5F60204A44505D074
:100E400045F29444C5F60204A44510D1C46D0125B1
:100E500004F01F04806805FA04F4CEF8044040282A
:100E6000CCF80430DBD0CCF80810CCF80C2070BDE6
:100E70007047000000000000EFF3108072B600BF62
:100E8000FEE700000000000044F60400C5F6020082
:100E9000816841F0020181600168890409D4016818
:100EA00089045CBF01685FEA814102D4016889045A
:100EB000F2D570470000000042F6A040C2F20000E8
:100EC00001F032BF0000000042F64050C2F20000C4
:100ED00001F02ABF0000000042F6E050C2F200001C
:100EE00001F022BF000000002DE9F041044602F0AD
:100EF00027FD1CB3054694F83500022822D140F2A4
:100F00000F462768C4F2020640F26F48B7426FF0FE
:100F10000E00C4F202081DDC6F21C4F202018F42F0
:100F20002ADC3F21C4F202018F4241DC1021C4F2CD
:100F300002018F4263D028215CE000BF0120BDE8A0
:100F4000F08100BF802060650120002184F834100A
:100F5000BDE8F08147451BDC40F23F41C4F202018D
:100F60008F422DDC40F21041C4F202018F4246D084
:100F700040F228413EE000BF9F21C4F202018F42AF
:100F800028DC7021C4F202018F4238D0882131E080
:100F900040F29F41C4F202018F4223DC40F27041D3
:100FA000C4F202018F422AD040F2884122E000BF01
:100FB0004021C4F202018F4221D058211AE000BF23
:100FC00040F24041C4F202018F4218D040F2584131
:100FD00010E000BFA021C4F202018F420FD0B8215F
:100FE00008E000BF40F2B841C4F202018F4206D0CF
:100FF00040F2A041C4F202018F42394607D139467E
:10100000386820F01E0041F8140B6FF080000A6869
:10101000474500EA020008601ADC9F20C4F2020083
:10102000874233DC5720C4F2020087425ADC10208A
:10103000C4F20200874200F097802820C4F2020028
:10104000874200F091804020C4F202008AE000BF95
:1010500045F22F40C5F6020087422DDC40F2B74032
:10106000C4F2020087424BDC40F27040C4F202003E
:10107000874279D040F28840C4F20200874273D0A0
:1010800040F2A040C4F202006CE000BF40F22740F2
:10109000C4F20200874243DCA020C4F2020087426F
:1010A00062D0B820C4F2020087425DD040F2104006
:1010B000C4F2020056E000BF45F26B40C5F60200E4
:1010C00087423FDC45F23040C5F6020087424BD0F4
:1010D00045F24440C5F60200874245D045F25840EB
:1010E0003EE000BF5820C4F2020087423CD070208E
:1010F000C4F20200874237D08820C4F2020031E0F7
:1011000040F2B840C4F2020087422DD045F20840B8
:10111000C5F60200874227D045F21C4020E000BF00
:1011200040F22840C4F2020087421DD040F2404005
:10113000C4F20200874217D040F25840C4F20200C5
:1011400010E000BF45F26C40C5F6020087420BD0AC
:1011500045F29440C5F60200874205D045F2804032
:10116000C5F60200874204D1206E016821F4807127
:101170000160386820F00100386000BF3868C0079F
:1011800010D002F0DDFB401B0628F7D3202060655D
:10119000032084F835000120002184F83410BDE8D4
:1011A000F08100BF2068B04210DC6F21C4F2020160
:1011B00088421DDC3F21C4F20201884234DC102148
:1011C000C4F20201884255D028214FE040451BDC83
:1011D00040F23F41C4F2020188422DDC40F210414E
:1011E000C4F20201884245D040F228413EE000BFEF
:1011F0009F21C4F20201884228DC7021C4F202015E
:10120000884237D0882131E040F29F41C4F2020188
:10121000884223DC40F27041C4F20201884229D0A6
:1012200040F2884122E000BF4021C4F2020188421E
:1012300020D058211AE000BF40F24041C4F2020120
:10124000884217D040F2584110E000BFA021C4F2FC
:10125000020188420ED0B82108E000BF40F2B84138
:10126000C4F20201884205D040F2A041C4F202015A
:1012700088425BD1D4E9161202F01F023F2303FA21
:1012800002F28A6040455BDC9F21C4F20201884281
:1012900014DC5721C4F20201884227DC1021C4F279
:1012A0000201884200F0A2802821C4F20201884293
:1012B00000F09C804021C4F2020195E040F22741F9
:1012C000C4F2020188421FDCA021C4F2020188425C
:1012D00000F08C80B821C4F20201884200F08680C0
:1012E00040F21041C4F202017EE000BF5821C4F276
:1012F000020188427AD07021C4F20201884275D07E
:101300008821C4F202016FE040F22841C4F20201D8
:1013100088426BD040F24041C4F20201884265D05D
:1013200040F25841C4F202015EE000BFD4E9161257
:1013300002F01F02012303FA02F24A604045A3DDD6
:1013400045F22F41C5F60201884217DC40F2B74151
:10135000C4F20201884227DC40F27041C4F202016B
:10136000884243D040F28841C4F2020188423DD015
:1013700040F2A041C4F2020136E000BF45F26B41E9
:10138000C5F6020188421FDC45F23041C5F6020174
:1013900088422BD045F24441C5F60201884225D04F
:1013A00045F258411EE000BF40F2B841C4F20201CC
:1013B00088421BD045F20841C5F60201884215D08B
:1013C00045F21C410EE000BF45F26C41C5F602013A
:1013D00088420BD045F29441C5F60201884205D0FF
:1013E00045F28041C5F6020188420BD1616EA26EC2
:1013F000E06E4A6030B1016821F480710160D4E987
:101400001C014160012084F835000020002184F88F
:101410003410BDE8F0810000F0B190F835100229D9
:1014200018D180B540F20F420168C4F20202914225
:1014300014DC6F23C4F20203994225DC3F23C4F27B
:10144000020399423CDC1023C4F2020399425DD0AE
:10145000282357E0802141650120704740F26F4307
:10146000C4F2020399421BDC40F23F43C4F2020380
:1014700099422DDC40F21043C4F20203994245D058
:1014800040F228433EE000BF9F23C4F2020399428A
:1014900028DC7023C4F20203994237D0882331E05C
:1014A00040F29F43C4F20203994223DC40F27043AE
:1014B000C4F20203994229D040F2884322E000BFDF
:1014C0004023C4F20203994220D058231AE000BFFF
:1014D00040F24043C4F20203994217D040F258430D
:1014E00010E000BFA023C4F2020399420ED0B8233B
:1014F00008E000BF40F2B843C4F20203994205D0AD
:1015000040F2A043C4F20203994277D191424FF0D6
:10151000040280F8352011DC6F20C4F20200814201
:1015200022DC3F20C4F20200814239DC1020C4F2E8
:101530000200814259D0282054E000BF40F26F40A1
:10154000C4F2020081421BDC40F23F40C4F20200C0
:1015500081422DDC40F21040C4F20200814244D0AE
:1015600040F228403EE000BF9F20C4F202008142CA
:1015700028DC7020C4F20200814236D0882031E09D
:1015800040F29F40C4F20200814223DC40F27040EE
:10159000C4F20200814228D040F2884022E000BF1D
:1015A0004020C4F2020081421FD058201AE000BF40
:1015B00040F24040C4F20200814216D040F258404E
:1015C00010E000BFA020C4F2020081420DD0B8207C
:1015D00008E000BF40F2B840C4F20200814204D0EB
:1015E00040F2A040C4F202008142086820F00100ED
:1015F00008600021BDE88040084670470A6822F074
:101600000E020A6045F25742C5F6020291420A688C
:1016100022F001020A600FDC45F22F42C5F60202F9
:10162000914219DC45F20842C5F60202914229D0E6
:1016300045F21C4222E000BF45F27F42C5F602029D
:10164000914213DC45F25842C5F60202914219D08C
:1016500045F26C4212E000BF45F23042C5F602028C
:1016600091420FD045F2444208E000BF45F2944257
:10167000C5F60202914205D045F28042C5F602024B
:1016800091421AD1D0E9181CD0E916E30A6822F475
:1016900080720A6003F01F01012202FA01F1CEF804
:1016A0000410816ECCF80410C16E31B10A6822F4C6
:1016B00080720A60D0E91C124A60012180F835105E
:1016C000026D0021002A80F8341093D0904790E7F3
:1016D0002DE9F04782B00021019140F20801044653
:1016E000C2F2000148F2B512C1F64E32A56D09688A
:1016F00040F26F490068C4F20209A1FB0218484594
:101700002E68296816DC9F21C4F2020188422DDC74
:101710005721C4F20201884252DC1021C4F20201B6
:1017200088427CD02821C4F20201884277D040212F
:1017300070E000BF45F22F42C5F60202904229DC5C
:1017400040F2B742C4F20202904245DC40F27041DE
:10175000C4F20201884262D040F28841C4F2020120
:1017600088425CD040F2A04154E000BF40F22741E3
:10177000C4F2020188423FDCA021C4F20201884287
:101780004DD0B821C4F20201884248D040F2104145
:1017900040E000BF45F26B42C5F60202904275DCA4
:1017A00045F23042C5F60202904200F0828045F2D6
:1017B0004442C5F6020290427BD045F2584273E0A3
:1017C0005821C4F20201884229D07021C4F20201DA
:1017D000884224D088211DE040F2B842C4F20202BF
:1017E00090421CD045F20842C5F60202904260D0F9
:1017F00045F21C4258E000BF40F22841C4F2020109
:1018000088420CD040F24041C4F20201884206D026
:1018100040F25841C4F20201884240F05183E16D28
:10182000082201F01F0140F20F4A8A40C4F2020A66
:10183000324200F0DE8050454FF0040312DC6F2787
:10184000C4F20207B8426DDC3F27C4F20207B84277
:1018500000F39C801027C4F20207B84200F0BD805C
:101860002827B5E0484569DC40F23F47C4F202074B
:10187000B84200F3938040F21047C4F20207B84226
:1018800000F0AB8040F22847A2E000BF45F26C4276
:10189000C5F6020290420CD045F28042C5F6020223
:1018A000904206D045F29442C5F60202904240F0C2
:1018B00007830268E36D03F01F0304279F400F4274
:1018C00018BF12F0040623D102279F400F4218BF11
:1018D00012F0020642D1D940090740F1F18212F01C
:1018E000080100F0ED82016821F00E010160012085
:1018F00000FA03F16960606584F83500E16C002945
:101900004FF0000084F8340040F0D582D8E200BFE8
:1019100011046F6034D4910636D4016821F00401BB
:10192000016031E09F27C4F20207B84240DC702713
:10193000C4F20207B84250D0882749E040F29F47DE
:10194000C4F20207B8423BDC40F27047C4F202071F
:10195000B84242D040F288473AE000BF11046F60BD
:1019600000F1B282910600F1B382016821F00A0110
:101970000160012084F83500002084F83400A7E2DB
:10198000D00301D4A16C95E2216C93E24027C4F20C
:101990000207B84221D058271AE000BF40F2404762
:1019A000C4F20207B84218D040F2584710E000BF16
:1019B000A027C4F20207B8420FD0B82708E000BF42
:1019C00040F2A047C4F20207B84206D040F2B8473E
:1019D000C4F20207B84218BF082307681F4208D0A4
:1019E000036823F004030360AA60626D42F0010201
:1019F000626501228A4032426FD0504510DC6F236D
:101A0000C4F2020398421DDC3F23C4F20203984251
:101A100034DC1023C4F20203984256D028234FE04E
:101A200048451BDC40F23F43C4F2020398422DDCE0
:101A300040F21043C4F20203984246D040F22843D9
:101A40003EE000BF9F23C4F20203984228DC7023CB
:101A5000C4F20203984238D0882331E040F29F4319
:101A6000C4F20203984223DC40F27043C4F2020342
:101A700098422AD040F2884322E000BF4023C4F2BB
:101A80000203984221D058231AE000BF40F240439D
:101A9000C4F20203984218D040F2584310E000BF4D
:101AA000A023C4F2020398420FD0B82308E000BF7D
:101AB00040F2A043C4F20203984206D040F2B84379
:101AC000C4F20203984240F0058243691B0604D524
:101AD000AA60626D42F00202626504228A403242CC
:101AE0006FD0504510DC6F23C4F2020398421DDC16
:101AF0003F23C4F20203984234DC1023C4F20203F1
:101B0000984256D028234FE048451BDC40F23F4323
:101B1000C4F2020398422DDC40F21043C4F20203E7
:101B2000984246D040F228433EE000BF9F23C4F2D3
:101B30000203984228DC7023C4F20203984238D092
:101B4000882331E040F29F43C4F20203984223DC31
:101B500040F27043C4F2020398422AD040F2884314
:101B600022E000BF4023C4F20203984221D0582350
:101B70001AE000BF40F24043C4F20203984218D07A
:101B800040F2584310E000BFA023C4F20203984281
:101B90000FD0B82308E000BF40F2A043C4F2020314
:101BA000984206D040F2B843C4F20203984240F093
:101BB000998103689B0704D5AA60626D42F0040214
:101BC0006265102202FA01F1314200F08180504535
:101BD0004FF0080210DC6F23C4F2020398421DDCB0
:101BE0003F23C4F20203984234DC1023C4F2020300
:101BF000984256D028234FE048451BDC40F23F4333
:101C0000C4F2020398422DDC40F21043C4F20203F6
:101C1000984246D040F228433EE000BF9F23C4F2E2
:101C20000203984228DC7023C4F20203984238D0A1
:101C3000882331E040F29F43C4F20203984223DC40
:101C400040F27043C4F2020398422AD040F2884323
:101C500022E000BF4023C4F20203984221D058235F
:101C60001AE000BF40F24043C4F20203984218D089
:101C700040F2584310E000BFA023C4F20203984290
:101C80000FD0B82308E000BF40F2A043C4F2020323
:101C9000984206D040F2B843C4F20203984218BFFB
:101CA00004220368134213D0A96001684903016844
:101CB00008D4C90508D4016821F008010160216C2D
:101CC00021B905E008034FD4216C09B120468847AB
:101CD000E06D00F01F01202000FA01F2324200F016
:101CE000AD8020681023504510DC6F27C4F2020736
:101CF000B8421DDC3F27C4F20207B84238DC102787
:101D0000C4F20207B8425AD0282753E048451BDCEA
:101D100040F23F47C4F20207B84231DC40F21047BC
:101D2000C4F20207B8424AD040F2284742E000BF5E
:101D30009F27C4F20207B8422CDC7027C4F20207C6
:101D4000B8423CD0882735E040F29F47C4F20207F2
:101D5000B84227DC40F27047C4F20207B8422ED0E6
:101D600040F2884726E000BFA16C0029AED1AFE762
:101D70004027C4F20207B84221D058271AE000BF1A
:101D800040F24047C4F20207B84218D040F2584728
:101D900010E000BFA027C4F20207B8420FD0B82756
:101DA00008E000BF40F2A047C4F20207B84206D0E4
:101DB00040F2B847C4F20207B84218BF02230768CE
:101DC0001F423BD0AA6094F83520042A02681DD136
:101DD00022F016020260426922F080024261226C07
:101DE0000AB9A26C1AB1026822F0080202603F2010
:101DF0008840A860012084F83500216D00294FF04B
:101E0000000084F8340056D15AE000BF5103016845
:101E10000CD4C9050ED4016821F010010160012025
:101E200084F83500002084F8340003E0080301D46E
:101E3000616C00E0E16B09B120468847606D0028C5
:101E40003ED0606DC00734D0042084F8350020688F
:101E50004FEA9821026822F001020260019A0132E1
:101E600001928A421AD80268D20717D0019A013229
:101E700001928A4212D80268D2070FD0019A013229
:101E800001928A420AD80268D20707D0019A013229
:101E900001928A4202D80268D207DFD10068C007E7
:101EA0004FF0030008BF012084F83500002084F8BB
:101EB0003400E16C21B1204602B0BDE8F04708478C
:101EC00002B0BDE8F08700BFD00301D4616CF1E738
:101ED000E16BEFE7026804228A4032427FF401AEF0
:101EE0006FE600BF02686CE62DE9F04381B004465E
:101EF00001F026FD002C00F0AF8040F26F4805464F
:101F00002068C4F20208404516DC9F21C4F2020199
:101F100088422DDC5721C4F20201884254DC102192
:101F2000C4F20201884200F07E802821C4F202013E
:101F3000884278D0402171E045F22F41C5F6020178
:101F4000884229DC40F2B741C4F20201884247DCF2
:101F500040F27041C4F20201884264D040F28841EC
:101F6000C4F2020188425ED040F2A04156E000BFB8
:101F700040F22741C4F20201884241DCA021C4F2B0
:101F8000020188424FD0B821C4F2020188424AD0EF
:101F900040F2104142E000BF45F26B41C5F602013C
:101FA000884200F3BB8045F23041C5F60201884209
:101FB00000F0C78045F24441C5F60201884200F0B6
:101FC000C08045F25841B7E05821C4F2020188426E
:101FD00029D07021C4F20201884224D088211DE05A
:101FE00040F2B841C4F2020188421CD045F20841D7
:101FF000C5F60201884200F0A48045F21C419BE036
:1020000040F22841C4F2020188420CD040F2404123
:10201000C4F20201884206D040F25841C4F20201E3
:10202000884240F02381022184F83510002184F891
:102030003410016821F00101016000BF20680168CF
:10204000C9070DD001F07CFC401B0628F6D32020E8
:102050006065032084F83500012001B0BDE8F083FD
:1020600048F23F0204F108060168CFF61062114001
:10207000D4F818C06CCE11431943E3692943256A8B
:102080000E43616A3343042943EA050343EA0C0320
:1020900003D1D4E90B652E433343666843F48012C1
:1020A000A6F13F07A6F12905042FA6F1470938BF7D
:1020B0001346062DA6F14F0E38BF1346B9F1020F95
:1020C00026F0030738BF1346BEF1040F38BF13468E
:1020D000742F08BF134604290360426922F00702E7
:1020E00041EA020140F0DE80D4E90A53002B41EAC4
:1020F000050100F0D780BCF5005F00F0B980BCF1AD
:10210000000F40F0C180022D00F0C180012D00F0D1
:10211000B580002D00F0BB80C4E000BF45F26C41EB
:10212000C5F6020188420CD045F28041C5F6020195
:10213000884206D045F29441C5F60201884240F03B
:10214000958004F1080E022184F83510002184F8EE
:1021500034100168A3699EE80450A2F18005E76984
:10216000B5FA85F566696D09402A4FEA853543EA77
:1021700007026FF3101142EA060208BF102541EA78
:10218000DC0142EA0E02236A294341EAD20141EA14
:10219000131140F80819C0B2CD2148433C2101EA8F
:1021A0009020E0652046FEF74BFCE16D012201F036
:1021B0001F0102FA01F141602068404500F381806F
:1021C0009F21C4F20201884214DC5721C4F20201AB
:1021D000884227DC1021C4F20201884200F0C78047
:1021E0002821C4F20201884200F0C1804021C4F2DB
:1021F0000201B9E040F22741C4F20201884221DC29
:10220000A021C4F20201884200F0B180B821C4F2DA
:102210000201884200F0AB8040F21041C4F202019A
:10222000A2E000BF5821C4F20201884200F09F8062
:102230007021C4F20201884200F099808821C4F222
:10224000020191E040F22841C4F20201884200F00C
:102250008E8040F24041C4F20201884200F0878043
:1022600040F25841C4F202017EE000BF4020EFE698
:10227000032D17D8DFE805F00E0B0E02A3F1C07294
:10228000B2FA82F2520904E0032D03D30AD1C3F358
:1022900000623AB140206065012084F8350001B049
:1022A000BDE8F08341612046FEF7CAFBE16D3F22A5
:1022B00001F01F0102FA01F18160206840457FF7BB
:1022C0007FAF45F22F41C5F60201884216DC40F28D
:1022D000B741C4F20201884226DC40F27041C4F2E8
:1022E0000201884243D040F28841C4F20201884290
:1022F0003DD040F2A041C4F2020135E045F26B410D
:10230000C5F6020188421FDC45F23041C5F60201E4
:1023100088422CD045F24441C5F60201884226D0BD
:1023200045F258411EE000BF40F2B841C4F202013C
:1023300088421CD045F20841C5F60201884216D0F9
:1023400045F21C410EE000BF45F26C41C5F60201AA
:1023500088420CD045F29441C5F60201884206D06D
:1023600045F28041C5F60201884240F0E18045F225
:10237000574C45F6FC01C5F6020CC5F60201604556
:102380000EDC45F22F42C5F60202904218DC45F2FF
:102390000842C5F60202904228D045F21C4221E0D4
:1023A00045F27F42C5F60202904213DC45F25842E4
:1023B000C5F60202904219D045F26C4212E000BF0D
:1023C00045F23042C5F6020290420FD045F2444237
:1023D00008E000BF45F29442C5F60202904205D0E3
:1023E00045F28042C5F60202904247D100F0FC025D
:1023F0004CF6CD43083ACCF6CC43A2FB0323A1F123
:10240000FC05A1F17C061B0905EB830503F01F0207
:10241000A3682566802B4FF0010303FA02F266667B
:10242000A26605D100206060286072601EE000BFD7
:102430006768FBB2013F072F2B60726016D85E1EE3
:10244000082E19D2604501F1440237DC45F22F47CE
:10245000C5F60207B84241DC45F20847C5F6020757
:10246000B84259D045F21C474AE000BF00206067DF
:10247000C4E91B005CE000BFE06E54E000F0F8022D
:102480004AF6AB23103ACAF6AA23A2FB032740F26E
:102490000F43C4F2020308253A09984203F1AA0641
:1024A000134688BF05EB171340F60005B042C4F28F
:1024B000020505F1800628BF1346A5E745F27F47D0
:1024C000C5F60207B84213DC45F25847C5F60207C5
:1024D000B84221D045F26C4712E000BF45F23047C8
:1024E000C5F60207B84217D045F2444708E000BFDE
:1024F00045F28047C5F60207B8420DD045F2944731
:10250000C5F60207B84207D040F60000C4F2020048
:1025100000F1FC0100F5A07201EB83000121E066EF
:10252000B1402267616700210160D4E91C0141606C
:1025300000206065012184F8351001B0BDE8F0830A
:1025400040B1B0B5054690F83400012804D102200E
:10255000B0BD00BF01207047012085F8340095F818
:102560003500012828D1022085F835000020686553
:102570002868046824F0010404602846FEF7F4FA91
:1025800040F20F422868C4F2020240F26F419042CA
:10259000C4F2020118DC6F23C4F20203984225DC66
:1025A0003F23C4F2020398423CDC1023C4F202032E
:1025B00098425ED0282357E04FF400606865002001
:1025C00085F834000120B0BD88421BDC40F23F4357
:1025D000C4F2020398422DDC40F21043C4F202031D
:1025E000984246D040F228433EE000BF9F23C4F209
:1025F0000203984228DC7023C4F20203984238D0C8
:10260000882331E040F29F43C4F20203984223DC66
:1026100040F27043C4F2020398422AD040F2884349
:1026200022E000BF4023C4F20203984221D0582385
:102630001AE000BF40F24043C4F20203984218D0AF
:1026400040F2584310E000BFA023C4F202039842B6
:102650000FD0B82308E000BF40F2B843C4F2020331
:10266000984206D040F2A043C4F20203984240F0E0
:102670002F8103680B2464F3440303602B6C1BB1AC
:102680000823046823430360884219DC9F23C4F2B3
:102690000203984232DC5723C4F20203984259DC09
:1026A0001023C4F20203984200F096802823C4F25B
:1026B0000203984200F090804023C4F2020389E0B4
:1026C00045F22F43C5F6020398422DDC40F2B74392
:1026D000C4F2020398424BDC40F27043C4F202039E
:1026E000984279D040F28843C4F20203984273D0F2
:1026F00040F2A043C4F202036CE000BF40F2274363
:10270000C4F20203984243DCA023C4F202039842BD
:1027100062D0B823C4F2020398425DD040F2104365
:10272000C4F2020356E000BF45F26B43C5F6020354
:1027300098423FDC45F23043C5F6020398424BD045
:1027400045F24443C5F60203984245D045F258434A
:102750003EE000BF5823C4F2020398423CD07023ED
:10276000C4F20203984237D08823C4F2020331E056
:1027700040F2B843C4F2020398422DD045F2084318
:10278000C5F60203984227D045F21C4320E000BF63
:1027900040F22843C4F2020398421DD040F2404365
:1027A000C4F20203984217D040F25843C4F2020325
:1027B00010E000BF45F26C43C5F6020398420BD00F
:1027C00045F29443C5F60203984205D045F2804392
:1027D000C5F60203984274D12B6E1C68E40303D53E
:1027E0001C6844F480741C60EB6E1BB11D6845F4DA
:1027F00080751D60904211DC6F21C4F20201884295
:102800001EDC3F21C4F20201884235DC1021C4F2F3
:102810000201884255D0282150E000BF88421BDCCD
:1028200040F23F41C4F2020188422DDC40F21041E7
:10283000C4F20201884244D040F228413EE000BF89
:102840009F21C4F20201884228DC7021C4F20201F7
:10285000884236D0882131E040F29F41C4F2020123
:10286000884223DC40F27041C4F20201884228D041
:1028700040F2884122E000BF4021C4F202018842B8
:102880001FD058211AE000BF40F24041C4F20201BB
:10289000884216D040F2584110E000BFA021C4F297
:1028A000020188420DD0B82108E000BF40F2B841D3
:1028B000C4F20201884204D040F2A041C4F20201F5
:1028C0008842016841F0010101600020B0BD00BFF5
:1028D0000368052464F3430303602B6C002B3FF46F
:1028E000D3AE0423CDE60000B0B5044601F028F8CD
:1028F00040F200010546C2F20001621C097818BFCF
:102900000C4400BF01F01CF8401BA042FAD3B0BD3C
:1029100090F89830013B012B0ED80068836D0B4274
:1029200012D0836D0B408B4216D1C36D43F002036E
:10293000C3658B0514D418E000F19C01012002222C
:102940000B681A430A607047C36D43F00103C36507
:102950008B0505D409E000BF0323C3658B0504D5AF
:10296000D0F8E0301343C0F8E0304B0504D5D0F880
:10297000E4301A43C0F8E4204FF6FF72436DC3F60B
:10298000CF720A401A4342658A0F4AF614010020AA
:10299000C4F200010B681A430A607047000000008F
:1029A00090F89830022B1BD12DE9F0430668D6F839
:1029B000C03013F07C5F1BD0D6F8C4309B0221D40A
:1029C000D6F8C4300C69C3F3044CD1E90035002DAE
:1029D0008D6821D023432B4343F0804E20E000BF7D
:1029E000D0F89C1041F00801C0F89C1001207047FD
:1029F000D0F89C1041F02001C0F89C100120BDE8E7
:102A0000F08300BFD0F89C1041F40071C0F89C1016
:102A10000120BDE8F08300BF44EA834343EA050E8A
:102A2000836ED0F88450D1E907970CFB03F48B69CF
:102A300049EA0767D1F81480D1F80C901F4305EBE1
:102A4000840347EA080745F824E047EA09475F603E
:102A5000CF6887B143F64425083303320024C0F61B
:102A6000010500BF171957F8037C1F51CF680434C4
:102A7000EF5DBC42F6D3012101FA0CF1C6F8D0108B
:102A8000C0F894100020BDE8F083000000000000B2
:102A9000704700000000000090F89820013A012AD9
:102AA0000CD880B50A68002ACA680FD00B69072ABB
:102AB00043EA427E18D18B691BE000BFD0F89C101E
:102AC00041F00201C0F89C1001207047072A19D17B
:102AD0000A69D1E906C3120442EA032242EA0C025F
:102AE00042F0605218E000BFD1F808C04B6943EAD9
:102AF0008C73006F496800EBC10240F831E053600D
:102B0000002080BD8B68D1E904CE9B0743EAC262F6
:102B100042EA0C4242EA0E024968C06E40F82120A7
:102B2000002080BD00000000704700000000000091
:102B300070470000000000002DE9F04390F8987005
:102B4000022F11D1402919D10668D6F8A07017F4C8
:102B5000FE0F2FD0D6F8A4707F0635D0D6F8A4701B
:102B6000FF013BD400273CE0D0F89C1041F0080165
:102B7000C0F89C100120BDE8F08300BF41290FD1AF
:102B80000668D6F8B07017F4FE0F13D0D6F8B470FC
:102B90007F0619D0D6F8B470FF012BD400272CE0A3
:102BA000076D8F4206D900F17C04456D4FF0000C93
:102BB0000E462BE0D0F89C1041F02001C0F89C108C
:102BC0000120BDE8F08300BFD0F89C1041F4807173
:102BD000C0F89C100120BDE8F08300BFD6F8A070BB
:102BE000FF0FD6F8A46000F17404C6F30526F519AA
:102BF000466C0AE0D6F8B070FF0FD6F8B46000F16A
:102C00007804C6F30526F519C66CAC4675432468EE
:102C100004EB850E54F8257017F08047576054F880
:102C2000257027F0604608BFC7F38A46166054F83F
:102C3000257007F00057976054F8254004F00044D1
:102C40001461BEF80440D461BEF8064014F00F04CD
:102C5000D460DEF8044004F480145461DEF80440CB
:102C600004F4001494619EF8074004F07F04146299
:102C7000DEF804404FEAD474546228D043F6442866
:102C80000024C0F601080EEB0406651C377A1F55B8
:102C9000D76818F80770BD4219D21F19757A7D7070
:102CA000D56818F80590A51C4D453FBFB57ABD7095
:102CB000D56818F805903CBFE51C4D4507D2F57A5C
:102CC0000434FD70D56818F80550AC42DBD34029B8
:102CD00006D10068C0F8A8C00020BDE8F08300BF9E
:102CE000412905D10068C0F8B8C00020BDE8F083D4
:102CF0001F2909D80068012202FA01F1C0F89810D2
:102D00000020BDE8F08300BF006801F01F01012230
:102D100002FA01F1C0F89C100020BDE8F083000029
:102D200070470000000000002DE9F04F89B0044614
:102D30004AF61000C4F2000001684AF61400C4F21A
:102D400000000268206802EA0108056DD0F854907E
:102D5000036D0893436D0793036D0293436D0193D5
:102D6000076D436D0593036D0493436D0393D0F892
:102D700054A0D0F850B05FEACA5306970FD51BF4A1
:102D800080710CD04FF4807101654AF6100100206B
:102D9000C4F2000108602046FFF7C2FF20685FEA26
:102DA0004A5105EA09064FEA887717D54AF610090D
:102DB0001BF48061C4F2000914D0D0F8DC10D0F804
:102DC000E42011404FF4806202650020C9F8000041
:102DD000204600F0C1FC206804E000BF4AF610095C
:102DE000C4F20009DDE9072101EA020506F4704694
:102DF00057B10021016508F00300C9F80000204622
:102E00003946FFF745FE2068DDE90121DDF80C8039
:102E100001EA020705F00F0546B106650020C9F872
:102E200000002046314600F09FFC206807F0F006C5
:102E300045B105650020C9F800002046294600F08C
:102E400003FC2068DDE9045746B106650020C9F897
:102E500000002046314600F047FC2068069E5FEAED
:102E60000A510CD51BF4006109D04FF400610165D3
:102E70000020C9F80000204600F07AFC20685FEAD4
:102E80008A5111D51BF400710ED0D0F8D810D0F8AB
:102E9000E02011404FF4007202650020C9F80000E4
:102EA000204600F05DFC20685FEA0A310CD51BF477
:102EB000002109D04FF4002101650020C9F800006D
:102EC000204600F0BDFB20685FEACA310CD51BF438
:102ED000803109D04FF4803101650020C9F800002D
:102EE000204600F035FC20685FEA4A3105EA080513
:102EF0000CD51BF4802109D04FF4802101650020FE
:102F0000C9F80000204600F01FFC20685FEA8A3103
:102F100006EA070205F060710ED51BF400330BD0F2
:102F20004FF4003303650023C9F80030D4F89C3017
:102F300043F08003C4F89C3002F0715539B101654B
:102F40000020C9F800002046FFF7F2FD206845B1D7
:102F500005650021C9F80010D4F89C102943C4F875
:102F60009C10A9F5016188420AD0D4F89C00002881
:102F700068D0204609B0BDE8F04FFFF7D5BD00BFCF
:102F8000606881688907F0D0016A426A036A476A0B
:102F9000114003EA070202F03005D0F82080D0F893
:102FA0002490D0F820B0D0F824A0026A089211F042
:102FB0000F01426A0792466A026A069203D00162D2
:102FC000204600F0B5FB08EA09072DB160682946E4
:102FD0000562204600F0B4FB70060BEA0A0607F40F
:102FE000C0750ED5069810F040000AD060684023E6
:102FF000C16BC26B090C02F03F020362204600F075
:103000009BFBDDE9071000EA010706F4FC462DB141
:10301000606829460562204600F086FB07F4F02030
:1030200036B161680E62D4F89C103143C4F89C102C
:1030300000289AD061680862D4F89C100843C4F84C
:103040009C0092E709B0BDE8F08F0000000000008E
:10305000F0B12DE9F04F83B04AF200080446C4F203
:1030600000080068404533D094F89810B9B38169DE
:1030700021F01001816100F063FC05462068816940
:10308000090707D500F05CFC401B0B28F6D312E0C3
:1030900001207047816941F00101816100F050FC1D
:1030A000054600BF20688169C90721D100F048FCAE
:1030B000401B0B28F6D30120D4F89C100843C4F819
:1030C0009C00032084F89800012003B0BDE8F08F35
:1030D00008F58071616094F898100029C7D100202C
:1030E00084F89900204600F0B3F92068BFE700BFDC
:1030F000816941F002018161217C826922F04002F4
:10310000012918BF40328261617C826922F48042C9
:10311000012908BF02F580428261A17C826922F404
:103120008052012918BF02F580528261816921F421
:103130004073D4E902120B438361836923F0A40333
:103140008361036923F0100303619AB1012A0DD052
:10315000022A09D08369032A43F08003836103694B
:1031600043F01002026105D1202200E004228369AD
:103170001A438261D4E90572E369561E6FF0FF02BB
:10318000256A02EB0323B1F5407F43EA4663A5F1CC
:10319000010646EA030640F20003CFF6FF7303EB95
:1031A000074746EA0701C16110D1D4E90B65D4E9AC
:1031B0000917013F02EB06226FF00F063A4306EBB8
:1031C00005173A4303EB01411143C160236E2BB154
:1031D000616ED0F8C0201143C0F8C010E16DCDE998
:1031E0000113D94243F20C51C0F6010109D0D0F8C5
:1031F000C820A36E22F0070251F823301A43C0F80A
:10320000C820D4F840A0BAF1000F09D0D0F8BC20F3
:10321000636C22F0070251F823301A43C0F8BC2037
:10322000D4F848C0BCF1000F0AD0D0F8BC20E36C41
:1032300022F0700251F8233042EA0312C0F8BC2099
:10324000D4F850B0BBF1000F0AD0D0F8BC20636DA9
:1032500022F4E06251F8231042EA0121C0F8BC10C8
:10326000404504D161688A6822F003028A60002127
:10327000C4F89410C4F89C10012184F8981004F14B
:103280003409D0F884104FF6FC729143656C99E8CC
:103290000C02009541EA8201C0F88410D0F8841035
:1032A00021F47F0141EA0341C0F884109918D0F855
:1032B00088306FF38F0343EA8103C0F88830D0F879
:1032C000883023F4FE0343EA0943C0F8883001EB59
:1032D0004903D0F8A0606FF38F0646EA8306C0F872
:1032E000A060D0F8A06026F4FE0646EA0A46C0F8C0
:1032F000A06005FB0A36D0F8B0306FF38F0343EAC5
:103300008603C0F8B030D0F8B03023F4FE0343EAAF
:103310000C43C0F8B030E36CD0F8AC506FF38F05BD
:1033200003FB0C6645EA8605C0F8AC50D4F854801F
:1033300008FB0B65D0F8F0606FF38F0646EA850650
:10334000C0F8F060D0F8F0E0A66D2EF47C1747EAE4
:103350000647C0F8F070F70007EB8507D0F8C050BB
:103360006FF38F052F43C0F8C070D0F8C070009D78
:1033700027F47C1705FB0AF5DDF804A003FB0C53CA
:1033800047EA0A47C0F8C0704AF20007D0F8C0E028
:10339000C4F20007DDF808C007F5406707EB8202BA
:1033A00007EB81012EF07C5747EA0C67C0F8C0702C
:1033B00001EBC90008FB0B372167A16E00EB850507
:1033C000606700EB8303E266C4E91E530AFB01F366
:1033D00000EB87000CFB01F1C4F8800000EBC60095
:1033E000C4F8840000EB8300C4F8880000EB81007F
:1033F0004DF2FC31C4F20001C4F89000884201D9BA
:10340000202059E682421FD21146002041F8040BC9
:10341000D4F890309942BFF458AE506002F10801E0
:10342000D4F8903099423FBF906002F10C01D4F87B
:1034300090309942BFF449AED0601032D4F8901069
:103440008A42E1D341E600BF002003B0BDE8F08F1F
:10345000B0B5B6B0044602A8B8210025CDE9345570
:10346000CDE932553195FDF7D4F84DF20041206891
:10347000C4F20001884253D04AF20041C4F2000174
:10348000884200F091804AF20001C4F200018842B3
:1034900040F0D280002003904FF4004002904FF0A3
:1034A00080501D9002A801F0CFFD08B1FDF7E4FCAB
:1034B00040F2BC7144F2E040C2F20001C5F60200E5
:1034C0000A68002A02F101020A6008D1C16841F4C9
:1034D0008071C160C16801F4807101910199016836
:1034E00041F008010160006840F2004100F008006E
:1034F0000190C5F60201019803203190022032901C
:103500000020CDE933000920359001F5006031A994
:1035100000F032F9132008210022132487E000BFB5
:103520004FF4004002904FF080501D9002A8039588
:1035300001F08AFD08B1FDF79FFC40F2BC7144F236
:10354000E040C2F20001C5F602000A68002A02F15A
:1035500001020A6008D1C16841F48071C160C1688C
:1035600001F4807101910199016841F0200101602D
:103570000068002100F0200001900198C020CDE9F2
:10358000331140F200413190C5F602010220329021
:10359000359001F5805031A900F0EEF89F20072109
:1035A00000229F2443E000BF002003904FF400401E
:1035B00002904FF080501D9002A801F045FD08B127
:1035C000FDF75AFC40F2BC7144F2E040C2F2000147
:1035D000C5F602000A68002A02F101020A6008D159
:1035E000C16841F48071C160C16801F480710191CA
:1035F0000199016841F002010160006831A900F001
:103600000200019001984FF4405031900220329016
:103610000020CDE933000920359040F20040C5F686
:10362000020000F0A9F8142007210022142400F061
:103630004FFA204600F038FA36B0B0BD0000000066
:10364000704700000000000010B58CB002AA6B4665
:1036500040210446FFF770FA10B10CB010BD00BF56
:1036600042F640500221C2F20000844242F6A040DD
:10367000C2F2000008BF0121241A039818BF0C46AB
:10368000002840F2C460029AC2F2000010D0204428
:1036900041F6E833C2F20003C17803EBC4100DF029
:1036A000BFF80028D9D441F6E861C2F200010EE06B
:1036B00041F66853015DC2F2000303EBC4100DF044
:1036C000AFF80028C9D442F26801C2F2000101EB50
:1036D000C41101EB8000006801680A6869469047E0
:1036E0000CB010BD0000000070470000000000009A
:1036F00090F8981001290DD1022180F898100168E6
:103700008A6922F001028A610021C0F89C100846F3
:10371000704700BFD0F89C1041F00401C0F89C1025
:10372000012070470000000070470000000000000A
:10373000704700000000000070470000000000001B
:10374000704700000000000070470000000000000B
:1037500070470000000000007047000000000000FB
:1037600070470000000000007047000000000000EB
:1037700070470000000000002DE9F04F82B00D6896
:10378000002D00F0C78000F1264242F2004402F111
:10379000FF728305C5F602040A27A04243EA92227B
:1037A00008BF0927082A40F2040C38BF1746C5F69F
:1037B000000C4FF0000E0097002700260AE000BF23
:1037C00001360D6835FA06F207F102070EF1040E14
:1037D00000F0A080012202FA06FB15EA0B08EFD0E8
:1037E000D1F804A003220AF0030502FA07F36C1EC5
:1037F0006FEA0309012C0FD88368CC6803EA090338
:10380000BC4023438360CAF30014436823EA0B03DC
:10381000B4402343436003E0032D01D1032520E09E
:10382000C3688C6803EA0903BC40022D43EA040321
:10383000C36016D16FF003020EF01C0502EA5603B6
:103840000F22034402FA05FBD3F820A00C692AEAF0
:103850000B0AAC4044EA0A041C62D1F804A00AF046
:103860000305036805FA07F403EA09031AF4403F65
:1038700043EA04030360A3D044F2F44240F2084A4E
:10388000C5F60202C5F6000A136843F0020313608E
:1038900013680F2203F00203019326F00303019C37
:1038A0000EF00C0453F80A9002FA04F5009A29EA83
:1038B000050502FA04F44FF0B0492C4343F80A40DE
:1038C000D9F800304C6843EA0805E20258BF23EA01
:1038D0000805C9F80050A502DCF8002042EA0803F8
:1038E00058BF22EA0803A503CCF80030DCF880209A
:1038F00042EA080358BF22EA0803E403CCF8803008
:10390000DCF87C2042EA080358BF22EA0803CCF81E
:103910007C3055E702B0BDE8F08F000000000000E9
:103920000069084018BF0120704700000000000037
:10393000002A08BF090481617047000000000000F0
:1039400048F67810C2F200000068704700000000DE
:1039500040F2000048F67811C2F20000C2F2000105
:1039600000780A68104408607047000000000000FA
:1039700080B5032000F0DCF802F0A2FA44F218410E
:1039800043F26473C5F60201C0F601030A68C2F38C
:1039900003229A5C096801F00F0102F01F02595CD2
:1039A000D04040F20C02C2F2000201F01F0120FAE6
:1039B00001F1116040F20801C2F2000108600F201D
:1039C00000F00AF800281CBF012080BD00F054F868
:1039D000002080BD000000000F2843D8B0B58AB099
:1039E00004462C2000222146002500F071F82C20EE
:1039F00000F05AF840F20400C2F20000046044F201
:103A0000F040C5F60200016841F002010160006863
:103A100001A900F002000290029802A802F09CF9AD
:103A200002F01EFA4DF683614000C4F21B3140F2F1
:103A30000042A0FB010143F26430C2F200004FF0EB
:103A4000FF33C4F20102026003EB9141C0E90115AA
:103A500040F2E731C0E9031502F092FD20B10120E8
:103A60000AB0B0BD0120704743F26430C2F20000DA
:103A700002F0BAFD0AB0B0BD81B044F2F4400022B9
:103A8000C5F60200016841F00201016000680F21E3
:103A900000F0020000906FF00100009B01B000F008
:103AA00017B8000000000000002848BF704700F071
:103AB0001F01012202FA01F14EF20012C0F34A1076
:103AC000CEF2000242F82010704700000000000013
:103AD00070B54EF60C5C4FF0FF36CEF2000C00F1E4
:103AE000604505F56445DCF80030C3F3022E8EF026
:103AF0000703042B28BF0423BEF1030406FA03F3D3
:103B000021EA030100F00F0338BF0024043B002822
:103B1000634406FA04F048BF03F10C05A14022EA11
:103B2000000008430001287070BD00000000000084
:103B30004EF60C514FF6FF03CEF200010A681A4010
:103B400060F30A2242F0806040F0FD700860704728
:103B500001680122C0F8D824002280F8CC248869AA
:103B600040F000608861486D40F08052002042F0D3
:103B700003024A6570470000704700000000000023
:103B800002680020516270472DE9F043D0F80080B0
:103B9000D8F8243081B1D8F82870B1F1010E03EBC8
:103BA000174355D05FFA8EF10EF0030C04290BD2A7
:103BB000002700212DE000BF002043EA0241C8F8A1
:103BC0002810BDE8F08300BF0EF0FC0908F1F405F1
:103BD000002108F5827600BF55F8107F41F0010002
:103BE000C0B241F00304E4B203EB174341F0020713
:103BF00056F82000FFB2043103EB104056F827308E
:103C000056F82440CFB200EB13404F4500EB14436D
:103C1000E2D1BCF1000F1BD008EB8700BCF1010F13
:103C2000D0F8040103EB104312D0481CBCF1020F82
:103C3000C0B208EB8000D0F8040103EB104307D0BA
:103C4000881CC0B208EB8000D0F8040103EB1043DD
:103C500008EB8E0043EA0241C0F804110020BDE8E1
:103C6000F083000000000000D0F8E00407F0A8B9DD
:103C700001EBC10200EB8202D0F8E004126A07F007
:103C800003B900000000000001EBC10200EB82025A
:103C9000D0F8E004D2F8602207F056B90000000026
:103CA000D0F8E00407F090B910B54AB2044601F02C
:103CB0000F00B2F1FF3F00EBC00104EB81020BDD0E
:103CC00002F51571002382F8553294F89424087097
:103CD000012A0AD1022010BD02F1140101235375FB
:103CE00094F894240870012AF4D0012084F89404F4
:103CF000206807F069FF002084F8940410BD0000DC
:103D0000B0B50279044601F00F00904202D90120BB
:103D1000B0BD00BF49B2B1F1FF3F09DD00EBC0010A
:103D2000002304EB810202F5157182F8553207E099
:103D300000EBC001012304EB810202F11401537571
:103D400094F8942400258D70012A087002D1022075
:103D5000B0BD00BF012084F89404206808F020FA68
:103D6000284684F89454B0BD01F00F0101EBC10165
:103D700000EB8100D0F868027047000000000000EE
:103D800070B54CB2064601F00F00B4F1FF3F00EBF6
:103D9000C00107DD06EB8104002504F5157184F8E8
:103DA000555206E006EB810C01240CF114018CF84D
:103DB00015404D7808706FF3DF228A60002D0B717B
:103DC00018BF4883022B01D10020487196F8940453
:103DD000012801D1022070BD012086F894043068CA
:103DE00007F082FD002086F8940470BD00000000FA
:103DF00080B501F00F0E0EEBCE0100EB810C00211F
:103E0000CCE998238379CCF868128CF855120CF51C
:103E10001571012B8CF854E208BFCCF870220068B1
:103E20001A4608F009FA002080BD000000000000DA
:103E3000B0B50446007901F00F05854202D9012092
:103E4000B0BD00BF48B2B0F1FF3F09DD01EBC100DA
:103E5000002204EB800000F5157180F8552207E080
:103E600005EBC500012204EB800000F1140142754E
:103E700094F8942401208870012A0D7002D1022048
:103E8000B0BD00BF84F89404206808F0B5F91DB1F6
:103E9000002084F89404B0BDA179206804F29C420B
:103EA00008F04EF9002084F89404B0BD0000000032
:103EB00010B501F00F0C01240CEBCC0100EB810ECE
:103EC000714601F814CF4FF0000CC1F814C090F8FF
:103ED00006C04C70CA60BCF1010F0B6108BFCEF880
:103EE00030200068624608F0A7F9002010BD0000ED
:103EF0002DE9F04F89B005688246284608F0B4FBEA
:103F000010B109B0BDE8F08FDAF8000008F0DCFB72
:103F10000028F6D0D5F80808C0F30D20CAF8D4045C
:103F2000DAF8000008F0D0FB8007DAF8000003D5CB
:103F3000416901F00201416105F50061049108F059
:103F4000C3FBC006DAF8000007953BD5816921F074
:103F5000100181612C6A04F00F05C4F34340062868
:103F600018D0022827D147F6F07014EA000622D0B4
:103F700005EBC50034090AEB800707982246D7F8FD
:103F8000601208F0A5FBD7F8600200EB1610C7F826
:103F9000600207E00AF29C410822079808F098FBAB
:103FA000C4F30A1405EBC5000AEB8000D0F86812D0
:103FB0002144C0F86812DAF80000816941F010016C
:103FC0008161079D08F080FB000340F10181DAF870
:103FD000000008F055FB002800F0FA8006460AF5BC
:103FE0001D784FF430644FF0000B0AF29C400890AB
:103FF00009E000BF0BF1010B760804F1200408F181
:10400000240800F0E580F007F4D05FFA8BF9DAF8C5
:104010000000494608F050FB0746C00771D0281938
:1040200001218160DAF8000004EB000C036CDCF87D
:1040300008209AF80650012D28D115073AD4950684
:1040400058D412F0280F079D5BD143F20B01C4F640
:1040500054718B4202D312F4004235D1D8F80020BB
:10406000DCF810106FF3DF41BBF1000FA2EB010190
:1040700048F80C1C19D1DAF86422002A00F0A2805A
:10408000DAF860020844CAF860020EE043F20B0559
:10409000C4F65475FF35AB421CD110042CD49006E5
:1040A000079D02D52020CCF8080050464946FFF76E
:1040B000EBFD26E043F20B00079DC4F654708342EB
:1040C0001FD312F400401CD04FF40040CCF808007D
:1040D00017E000BFBBF1000F06D1DAF8641219B97E
:1040E0000021089A08F02CF850464946FFF7CCFD0D
:1040F00006E000BF202001E04FF40040CCF80800AB
:10410000079D38072CD528190821816043F20B013F
:10411000DAF80000C4F65471056C20448D428168C1
:104120000AD311F4004107D04FF40041816050469A
:1041300000F076FD079D09E0504600F071FD43F266
:104140000B00C4F654708542079D09D39AF8060007
:10415000012805D1DAF800000121089A07F0F0FFE4
:10416000F80607D4B8070AD4B80620D4B8047FF5F7
:1041700041AF22E0281910218160B807F4D56869A1
:10418000000604D50499486840F48060486018F837
:104190001D0C012806D1002008F81D0C5046494688
:1041A00000F086FB281902218160B806DED52819A7
:1041B00020218160B8047FF51DAF28194FF400510C
:1041C000816017E70121089A07F0BAFF6DE700BF89
:1041D000DAF8000008F078FA4003DDF810B040F19A
:1041E000E180DAF8000008F043FA002800F0DA80F5
:1041F0000646079800F5106700250AF29C400290D9
:10420000CDF814A0039704E0760805F1010500F04D
:10421000C980F007F8D0E9B2DAF80000089108F098
:1042200037FA0446C0070BD1200733D4E00637D451
:1042300060063BD4A0073FD42006E5D555E000BF7B
:1042400005F00F00012307EB4512DBF8341003FAE9
:1042500000F021EA0000CBF8340093609AF80600E1
:10426000012811D105EBC5000AEB8000D0E9071247
:104270001144016245B9DAF8240028B9DAF80000DF
:104280000121029A07F05CFF50460899FFF7F0FC05
:104290002007CBD507EB451008218160E006C7D584
:1042A00007EB4510102181606006C3D507EB451070
:1042B00040218160A007BFD50798294608F064F91E
:1042C00005EBC5000AEB800010F8171F012905D186
:1042D000002101705046089900F0E6FA07EB4510FE
:1042E0000221816020067FF58FAF05EBC5000AEB48
:1042F0008002914659F8241FC84658F8040F81429D
:10430000FFF482AF9346DAF800400B1A5BF81C7F8B
:10431000BB4238BF1F4604EB4513069407F1030C5C
:10432000D3F81879BFB2B7EB9C0F29D303F5106A05
:1043300002F12007D9F8001081421FD9081A059907
:10434000DBF80040A0428A7938BF04463968009201
:10435000A3B20698089A08F067FC3868E11C20446C
:104360003860D8F800002044C8F80000DAF81820B7
:1043700092B2B2EB910FDDD2D9F80010DDF814A0A3
:10438000DDE9037B81423FF63FAF069A05F00F005F
:10439000012101FA00F0D2F8341821EA0000C2F835
:1043A000340831E7DAF8000008F08EF900281BD451
:1043B000DAF8000008F088F9000534D4DAF80000D3
:1043C00008F082F900013FD4DAF8000008F07CF927
:1043D000C0044BD4DAF8000008F076F98004DAF86B
:1043E000000000F15C8175E1DBF8040020F00100C1
:1043F000CBF804009AF8CC04012807D100208AF8F1
:10440000CC0400215046FFF7B7FB02E0504600F015
:10441000EBFBDAF80000416901F00041416108F06E
:1044200053F90005CAD5DBF80800C00702D0504692
:1044300000F01EFCDAF80000416901F400614161FE
:1044400008F042F90001BFD5DAF80000416901F037
:10445000006141619AF8CC1401B3504600F008FCA9
:10446000DAF8000008F030F9C004B3D5DBF8040036
:10447000102120F00100CBF80400DAF8000008F069
:1044800083F89AF80400010600F0CF80C1B200F072
:104490000300042916D200217CE000BF01218AF824
:1044A000CC14406DC0F38300CAF8D0045046FFF727
:1044B00063FBDAF8000008F007F9C0047FF58AAF63
:1044C000D4E700BF6FF06002002302EA41124FF60A
:1044D0007F370021079C00BFE61880339A4201F124
:1044E0000401C6F80879D6F8005925F40015C6F875
:1044F0000059C6F8087BD6F8005B25F40015C6F80D
:10450000005BD6F8005B45F00065C6F8005BC6F8B6
:104510002879D6F8205925F40015C6F82059C6F890
:10452000287BD6F8205B25F40015C6F8205BD6F86A
:10453000205B45F00065C6F8205BC6F84879D6F8E0
:10454000405925F40015C6F84059C6F8487BD6F8FE
:10455000405B25F40015C6F8405BD6F8405B45F09B
:104560000065C6F8405BC6F86879D6F8605925F44E
:104570000015C6F86059C6F8687BD6F8605B25F46C
:104580000015C6F8605BD6F8605B45F00065C6F8BC
:10459000605BA1D1002848D0079A4D0102F5106355
:1045A00002F5306203EB41164FF67F3702EB411400
:1045B0000128B7605E5926F400165E51A76056596F
:1045C00026F400165651565946F0006656512CD026
:1045D0004E1C02284FEA461403EB461502EB461622
:1045E000AF601D5925F400151D51B760175927F408
:1045F00000171751175947F00060105115D0881C4B
:104600004FF67F36470103EB401102EB40108E60FE
:10461000D95921F40011D9518660D05920F40010E5
:10462000D051D05940F00060D051DBF81C0040F070
:104630000110CBF81C009AF80F0048B1DBF8840099
:1046400040F00B00CBF884000BF1440009E000BF00
:10465000DBF8140042F22B010843CBF814000BF1F5
:10466000100001680AF29C4241F00B010160DBF886
:10467000000020F4FE60CBF800009AF80610DAF88B
:10468000000007F05DFDDAF80000416901F4805197
:10469000416108F019F88004DAF800001AD507F033
:1046A0006BF9DAF8000007F0CFFF8AF80700DAF8B4
:1046B000004001F07DFB9AF807200146204608F0F3
:1046C00027FA504600F078FADAF80000416901F460
:1046D0000051416107F0F8FF000707D4DAF8000045
:1046E00007F0F2FF00060ED436E000BF504600F09F
:1046F0007FFADAF80000416901F00801416107F032
:10470000E3FF000628D50799886920F080008861BA
:104710009AF8040002281FD3012440F27B2503E00D
:1047200001342435844217D21AF805100129F7D133
:1047300004F00F00220600EBC0000AEB800000F13D
:10474000140158BF00F51571DAF8000007F08CFE6F
:104750009AF80400E4E700BFDAF8000007F0B4FFBD
:10476000C0024FD4DAF8000007F0AEFF800240F13B
:104770007E809AF8041002292BD30798013900F59E
:1047800032600AF51F72012304E000BF013900F115
:1047900020001ED01746066812F8245B012DF5D1C3
:1047A000B6F1FF3FF2DCDAF8D45485EA1646F60794
:1047B000ECD1079E07F8013CB76947F08007B76165
:1047C00077693F06E2D4DBF8040040F40070CBF8D0
:1047D0000400DAF80000416901F40011416107F0BA
:1047E00073FF400049D55046FFF73EFADAF8000063
:1047F000416901F08041416107F066FF400743D401
:10480000FFF77FBB9AF80400022825D307990AF125
:104810003C0501F512640126012703E0013720342D
:10482000874219D22946226815F8243B012BF5D17D
:10483000B2F1FF3FF2DC07F00F0001F8016C00EB72
:10484000C0000AEB800000F11401DAF8000007F064
:104850000BFE9AF80400E1E7DAF80000416901F480
:104860008011416107F030FF80023FF582AFDAF836
:10487000000007F029FF4000B5D4DAF8000007F087
:1048800023FF40077FF53DABDAF80000446861077D
:1048900004D55046FFF704FADAF8000041682143D6
:1048A000416009B0BDE8F08FD0F8E00406F0F0BB3D
:1048B000D0F8E00406F004BC002800F02B81F0B52D
:1048C00081B0044690F8950428B9002084F8940437
:1048D000204600F035F9032084F89504206807F09D
:1048E00027FCD4E90001267CD4E90223009607F0D6
:1048F00053F8002840F008812068002107F040FFAD
:10490000002840F0018194F804E0BEF1000F00F0AF
:10491000F280BEF1040F0EF0030C4FF0000241D301
:104920000EF0FC03A4F1900003210125CE1E80F8B7
:10493000A460A0F8BE608E1E80F8C8604F1CA0F86E
:10494000E2604E1E80F8EC609F42A0F8066101F123
:10495000040680F8A55080F8A820C0E92B22C0F8F2
:10496000B42080F8C95080F8CC20C0E93422C0F8C7
:10497000D82080F8ED5080F8F020C0E93D22C0F842
:10498000FC2080F8115180F81011A0F82A1131464E
:1049900080F81421C0E94622C0F8202100F19000DF
:1049A000C4D1F21EBCF1000F2DD002EBC2000121D8
:1049B000BCF1010F04EB80034FF0000059751A752C
:1049C000DA851876C3E9070058621CD0531CBCF185
:1049D000020F03EBC30504EB850569752B75EB85A9
:1049E0002876C5E9070068620DD0901C012200EB13
:1049F000C00104EB81014A750875C885002008765E
:104A0000C1E907004862BEF1000F74D0BEF1040F87
:104A10004FF0000237D30EF0FC000321234600BF05
:104A2000CF1E83F854728F1E83F878724F1E83F85E
:104A30009C724F1C0D1D83F85522874283F8582223
:104A4000C3E99722C3F8642283F8792283F87C2291
:104A5000C3E9A022C3F8882283F89D2283F8A0220C
:104A6000C3E9A922C3F8AC2283F8C12283F8C0129B
:104A7000294683F8C422C3E9B222C3F8D02203F145
:104A80009003CDD1EA1EBCF1000F34D002EBC2007E
:104A9000BCF1010F04EB80014FF0000081F85502DA
:104AA00081F8542281F85802C1E99700C1F86402E4
:104AB00021D0511CBCF1020F01EBC10304EB8303B5
:104AC00083F8550283F8541283F85802C3E997001B
:104AD000C3F864020FD0901C002200EBC00104EB6D
:104AE000810181F8552281F8540281F85822C1E9E8
:104AF0009722C1F86422D4E90001277CD4E902237B
:104B0000009707F0C5F838B1022084F89504012019
:104B100001B0F0BD0120704700206074012084F8CE
:104B20009504207B012802D12046FFF711F8206868
:104B300007F09EF8002001B0F0BD0000000000006A
:104B400010B5B0B002A9044601F10800B021FBF78E
:104B500060FD00212068C4F20401884202D030B018
:104B600010BD00BF002003904FF4802002904FF44E
:104B70004010239002A800F067FA08B1FCF77CF916
:104B800000F0BAF844F2D8400022C5F602000168ED
:104B900041F0007101600068052100F00070019093
:104BA00001984D20FEF794FF4D20FEF77DFF30B0B9
:104BB00010BD00000000000010B50446C07928B107
:104BC000022801D0FCF758F9012100E00021D4F8B7
:104BD000E00406F001FBD4F8E004BDE8104006F064
:104BE000AFBA000000000000D0F8E00406F0D8BA28
:104BF000D0F8E00406F0E0BA10B5044690F894044A
:104C0000012801D1022010BD012084F894046174B0
:104C1000206807F069FF002084F8940410BD0000AC
:104C2000D0F8E02400F29C41104606F0EDBA0000F6
:104C300010B5044690F89404012801D1022010BD5B
:104C40002068012184F89414C168490606D5617B67
:104C5000012903D1816B41F48031816307F08CFC21
:104C6000206806F0F5FF002084F8940410BD0000D1
:104C700010B50446D0F8E00406F022FB2068D0F816
:104C8000001E41F00101C0F8001EE07A002808BFB4
:104C900010BD4EF61050CEF20000016841F0060142
:104CA000016010BD00000000B0B544F60C05C5F66B
:104CB000020529684907296806D401F00701081A86
:104CC00018BF0120B0BD00BF21F0070108432860D4
:104CD000FEF736FE044600BF55F8080C800407D4E2
:104CE000FEF72EFE001BB0F57A7FF5D90120B0BD8E
:104CF0000020B0BD0000000044F60C00C5F6020024
:104D0000016841F080710160704700000000000000
:104D100080B501F04DF844F2204143F26472C5F6CB
:104D20000201C0F601020968C1F30211515C01F0F1
:104D30001F01C84080BD000080B544F2384EC5F662
:104D4000020E5EF8103C5EF8101C5EF80C2CC1F3ED
:104D5000053CDEF80410BCF1000F23D0C90803F0B5
:104D60000303D206022B01EAE2716FF35F3100EE1A
:104D7000101AB8EE400A2BD0012B19D0C3B95EF837
:104D8000381C89066ED4DEF800109FED492A6FF3B7
:104D90005F2101EE101AB8EE411AA0EE021A9FED43
:104DA000470A23E000218160C0E9001180BD00BFF7
:104DB000DEF800109FED3E2A6FF35F2101EE101A1E
:104DC000B8EE411AA0EE021A9FED3B0A0EE000BFBA
:104DD000DEF800109FED362A6FF35F2101EE101A06
:104DE000B8EE411AA0EE021A9FED320AA1EE000AB7
:104DF00001EE10CAB8EE411ADEF8001080EE010A8A
:104E0000B7EE002AC1F3462101EE101AB8EE411A9E
:104E100031EE021A80EE011ABCEEC11A80ED001AC2
:104E2000DEF80010C1F3064101EE101AB8EE411A87
:104E300031EE021A80EE011ABCEEC11A80ED011AA1
:104E4000DEF80010C1F3066101EE101AB8EE411A47
:104E500031EE021A80EE010ABCEEC00A10EE101A02
:104E6000816080BDB7EE001A5EF8381CDEF80020C5
:104E70009FED0F2A6FF35F22C1F3C101A0EE021A6A
:104E800000EE102A49F20002C0F2D03222FA01F1FB
:104E9000B8EE400A02EE101AB8EE422A31EE000ACD
:104EA00001EE10CAB8EE411A20EE020AA4E700BFD4
:104EB0000000003920BCBE4B0024744A0024744C0E
:104EC00080B544F2404EC5F6020E5EF8183C5EF81E
:104ED000181C5EF8142CC1F3055CDEF80410BCF15C
:104EE000000F23D0C90803F00303D205022B01EA07
:104EF000E2716FF35F3100EE101AB8EE400A2BD06A
:104F0000012B19D0C3B95EF8401C89066ED4DEF8B7
:104F100000109FED492A6FF35F2101EE101AB8EEE1
:104F2000411AA0EE021A9FED470A23E0002181609A
:104F3000C0E9001180BD00BFDEF800109FED3E2AE1
:104F40006FF35F2101EE101AB8EE411AA0EE021ABB
:104F50009FED3B0A0EE000BFDEF800109FED362A01
:104F60006FF35F2101EE101AB8EE411AA0EE021A9B
:104F70009FED320AA1EE000A01EE10CAB8EE411A06
:104F8000DEF8001080EE010AB7EE002AC1F34621D8
:104F900001EE101AB8EE411A31EE021A80EE011A33
:104FA000BCEEC11A80ED001ADEF80010C1F3064114
:104FB00001EE101AB8EE411A31EE021A80EE011A13
:104FC000BCEEC11A80ED011ADEF80010C1F30661D3
:104FD00001EE101AB8EE411A31EE021A80EE010A03
:104FE000BCEEC00A10EE101A816080BDB7EE001A48
:104FF0005EF8401CDEF800209FED0F2A6FF35F2261
:10500000C1F3C101A0EE021A00EE102A49F200021B
:10501000C0F2D03222FA01F1B8EE400A02EE101AC4
:10502000B8EE422A31EE000A01EE10CAB8EE411A7B
:1050300020EE020AA4E700BF0000003920BCBE4BEE
:105040000024744A0024744C2DE9F0470446C078CB
:1050500044F22C480007C5F6020833D5606E4FEACB
:10506000305103290CD8DFE801F003111D2600BFE1
:10507000D8F8001041F40031C8F800101BE000BF60
:1050800001266078C0070BD020E000BF04F10800C3
:10509000022103F0F9F9064660B16078C00715D126
:1050A000354646E004F12800022103F081FA064665
:1050B0000028F2D1606ED8F8241021F44011084382
:1050C000C8F8240000266078C007E9D0A06D042845
:1050D0000ED83546DFE800F00412181E1E0000BF8F
:1050E000D8F80000354640F40030C8F8000011E060
:1050F00001250127607840071FD453E004F1080020
:10510000002103F0C1F904E004F12800002103F0BC
:105110004FFA05462F461DB1607840070DD441E097
:10512000D8F82400A16D20F0070000250843C8F836
:10513000240037466078400734D5D4F8A4004FEAFD
:10514000705005280CD8DFE800F00311171D1D1D55
:10515000D8F8000040F40030C8F8000012E000BFAA
:10516000012501266078000720D455E004F10800ED
:10517000002103F089F904E004F12800002103F084
:1051800017FA05462E461DB1607800070ED443E09D
:10519000D8F82C00D4F8A41020F4600000250843AF
:1051A000C8F82C003E466078000735D5D4F8A80032
:1051B0004FEA306005280DD8DFE800F00412181E11
:1051C0001E1E00BFD8F8000040F40030C8F80000F0
:1051D00012E000BF01250127E078800720D44EE0CF
:1051E00004F10800002103F04FF904E004F1280065
:1051F000002103F0DDF905462F461DB1E078800758
:105200000ED43CE0D8F82C00D4F8A81020F0E060D0
:1052100000250843C8F82C003746E07880072ED5D3
:10522000E06C4FEA301003280ED8DFE800F00903E5
:10523000130900BFD8F8000040F40030C8F800009F
:105240002E467DB912E000BF012501266078C00618
:1052500019D44CE004F10800022103F015F90546C9
:105260002E461DB16078C0060DD440E0D8F820006D
:10527000E16C20F0300000250843C8F820003E46CD
:105280006078C00633D5E06D4FEA303004280DD881
:10529000DFE800F00412181E1E0000BFD8F800005E
:1052A00040F40030C8F8000012E000BF01250127DB
:1052B000607880061FD44EE004F10800002103F05E
:1052C000E3F804E004F12800002103F071F9054639
:1052D0002F461DB1607880060DD43CE0D8F824003C
:1052E000E16D20F4E04000250843C8F8240037466B
:1052F000607880062FD5206E4FEA3040052809D807
:10530000DFE800F0040E1404040400BF2E46ADB91B
:1053100018E000BF01250126607840061FD44FE049
:1053200004F10800012103F0AFF804E004F12800C3
:10533000012103F03DF905462E461DB16078400677
:105340000DD43DE0D8F82400216E20F4E0200025A3
:105350000843C8F824003E466078400630D5D4F8AB
:10536000AC004FEA3070052808D8DFE800F0030DE4
:10537000130303032F46ADB918E000BF0125012731
:105380006078000620D442E004F10800012103F017
:105390007BF804E004F12800012103F009F9054637
:1053A0002F461DB1607800060ED430E0D8F82C00EE
:1053B000D4F8AC1020F0E04000250843C8F82C00D9
:1053C00037466078000622D5E06E58B1B0F1005F34
:1053D0000CD0B0F1805F2FD1D8F8000040F400303D
:1053E000C8F800002E469DB908E000BF04F108008F
:1053F000012103F049F805462E464DB9D8F824009E
:10540000E16E20F0405000250843C8F824003E46D5
:10541000E078C00733D0A06C032813D8DFE800F091
:1054200008021A08D8F8000040F40030C8F800005C
:10543000A946BDB91AE000BF01250126E078C007E2
:10544000E9D11CE001254FF00109A07840061AD5EA
:105450001CE000BF04F10800022103F015F8054626
:10546000A9461DB1A07840060DD50FE0D8F8200060
:10547000A16C20F0030000250843C8F82000B146C5
:10548000A078400602D44F4618E000BFD8F8D403F5
:1054900040F48070C8F8D403FEF752FA064600BF05
:1054A000D8F8D403C00507D4FEF74AFA801B642855
:1054B000F6D90325032701E02F468DB12078C007D8
:1054C00061D0A06F4FEAF00005283BD8DFE800F07C
:1054D00004404604040400BF002D2E4646D149E096
:1054E000D8F84410D4F8B000414011F4407F11D0F6
:1054F000D8F84410D8F8442042F48032C8F8442048
:10550000D8F8442021F4407122F48032C8F84420B5
:10551000C8F84410B0F5807F40F0CE82FEF710FA54
:10552000064641F2883A0325032700BFD8F8440015
:10553000800700F1BF82FEF703FA801B5045F5D9C2
:10554000BCE700BF01250126207880071FD44CE06E
:1055500004F10800012102F097FF04E004F12800A3
:10556000012103F025F805462E461DB1207880075D
:105570000DD43AE0D8F82800A16F20F038000025BB
:105580000843C8F828003E46207880072DD5606F74
:10559000052809D8DFE800F0040E1404040400BF55
:1055A0002F46ADB918E000BF01250127207840073C
:1055B0001FD44DE004F10800012102F065FF04E072
:1055C00004F12800012102F0F3FF05462F461DB12A
:1055D000207840070DD43BE0D8F82800616F20F018
:1055E000070000250843C8F8280037462078400700
:1055F0002ED5D4F89000052808D8DFE800F0030D78
:10560000130303032E46ADB918E000BF01250126A0
:105610002078800620D451E004F10800012102F036
:1056200033FF04E004F12800012102F0C1FF054628
:105630002E461DB1207880060ED43FE0D8F82C000D
:10564000D4F8901020F0070000250843C8F82C007B
:105650003E462078800631D5D4F88C004FEA307071
:10566000052809D8DFE800F0040E1404040400BF84
:105670002F46ADB918E000BF01250127207840066C
:1056800020D451E004F10800002102F0FDFE04E006
:1056900004F12800022102F08BFF05462F461DB1C0
:1056A000207840060ED43FE0D8F82800D4F88C10BB
:1056B00020F0E04000250843C8F82800374620784D
:1056C000400631D5D4F898004FEAB020052809D813
:1056D000DFE800F0040E1404040400BF2E46ADB948
:1056E00018E000BF012501262078000620D454E0F0
:1056F00004F10800002102F0C7FE04E004F12800D4
:10570000022102F055FF05462E461DB12078000605
:105710000ED442E0D8F82C00D4F8981020F4E050D1
:1057200000250843C8F82C003E462078000634D5F2
:10573000D4F89C004FEA703005280FD8DFE800F05D
:1057400004141A04040400BF2F46E5B120680107C1
:1057500027D4C1063ED4000355D475E001250127A6
:1057600020680107F5D51CE004F10800002102F0D3
:105770008BFE04E004F12800022102F019FF054627
:10578000002D2F46E2D1D8F82C00D4F89C1020F43C
:10579000604000250843C8F82C0037462068010700
:1057A000D7D5D4F88000B0F5805F09D104F1280086
:1057B000022102F0FDFE002818BF0127D4F8800066
:1057C000D8F8281021F440510843C8F82800206870
:1057D000C106C0D5D4F89400B0F5807F09D104F19A
:1057E0002800022102F0E4FE002818BF0127D4F8A7
:1057F0009400D8F82C1021F440710843C8F82C000C
:105800002068000320D5D4F8A000B0F5003F0FD0E9
:10581000B0F5803F06D078BB04F10800002102F00B
:1058200033FE04E004F12800022102F0C1FE054627
:105830002E4655B9D8F82C00D4F8A01020F44030EA
:1058400000250843C8F82C003E46A07840072BD519
:10585000D4F88400B0F5401F0BD0B0F5001F11D074
:10586000B0F5801F2AD1D8F8000040F40030C8F805
:1058700000002F46CDB90DE001250126A078400794
:10588000E6D411E004F12800012102F091FE054662
:105890002F4655B9D8F82800D4F8841020F44010C9
:1058A00000250843C8F828003746A078C0070AD169
:1058B0003E462168880016D533E000BF0125012748
:1058C000A078C007F4D0206DB0F5803F10D018BB91
:1058D000D8F8000040F40030C8F800002E4685B12A
:1058E000216888001DD460688A0326D465E000BF63
:1058F00004F10800022102F0C7FD0546002D2E46E6
:10590000EED1D8F82000216D20F480300025084326
:10591000C8F82000CCE700BF0125012621688800D7
:10592000E1D504F12800022102F042FE002818BF50
:105930000126D4E900108A033FD5E26F6FF001031E
:1059400003EB3223022B0BD34FEA322343B1012B5B
:1059500040F0AA80D8F8003043F40033C8F8003093
:1059600025B3CA022CD48A0234D44A003CD4CA0FCC
:1059700049D1090251D4C1075AD1810763D44107E3
:105980006CD4010776D4C10600F18080800607D56B
:1059900004F12800022102F00BFE002818BF0125A7
:1059A000002D18BF01252846BDE8F087D8F828301B
:1059B00023F440731A43C8F828203546CA02D2D5CA
:1059C000D8F82420236F22F000421A43C8F824207C
:1059D0008A02CAD5D8F82420A36E22F080721A4316
:1059E000C8F824204A00C2D558F81C2C22F40042E2
:1059F00048F81C2CD4F8B42058F81C3C1A4348F83A
:105A00001C2CCA0FB5D0D8F82020636D22F040526C
:105A10001A43C8F820200902ADD5D8F82810D4F8C8
:105A2000882021F440011143C8F82810C107A4D0F0
:105A300004F10800002102F027FD002818BF0546E8
:105A4000606881079BD504F10800012102F01CFD6C
:105A5000002818BF05466068410792D504F1080088
:105A6000022102F011FD002818BF054660680107F9
:105A70007FF589AF04F12800002102F099FD00288C
:105A800018BF05466068C1067FF580AF04F12800A5
:105A9000012102F08DFD002818BF054660688006D0
:105AA0003FF576AF7CE700BF0125CA027FF55BAF0B
:105AB00086E700BFD4F8B0004FF6CF7358F81C2C1F
:105AC000C0F2FF0300F4407122F47C5203EA101389
:105AD0006FF31F30B1F5407F08BF1A43002548F827
:105AE0001C2CD8F844100843C8F84400FFF7CBBC7E
:105AF0002DE9F04381B0002800F02A8142F200082D
:105B00000446C5F200288946D8F8000000F00F00CE
:105B100088420ED2D8F8000020F00F0040EA0900B9
:105B2000C8F80000D8F8000000F00F00484540F029
:105B30000F81206844F218474107C5F602070AD5CD
:105B400021693A6802F07002914204D93A6822F061
:105B500070021143396001070AD561697A6802F061
:105B60007002914204D97A6822F070021143796080
:105B7000C1060AD5A1697A6802F4E062914204D9AB
:105B80007A6822F4E0621143796081060AD5E169FE
:105B9000BA6802F07002914204D9BA6822F0700229
:105BA0001143B96010F002010AD0E2683B6803F0CB
:105BB0000F039A4204D93B6823F00F031A433A605B
:105BC000C20746D03968D4E9010221F47061012886
:105BD00041EA0201396009D003280DD0022811D111
:105BE00057F8181C890312D4B2E000BF57F8181CEC
:105BF000C9050CD4ACE000BF57F8181C890106D4C5
:105C0000A6E000BF57F8181C490740F1A18057F8DB
:105C1000081C21F00701084347F8080CFDF790FE27
:105C2000064641F2883500BF57F8080C616800F05D
:105C30003800B0EBC10F09D0FDF782FE801BA842EF
:105C4000F2D9032001B0BDE8F08300BF206800F066
:105C5000020151B1E1683A6802F00F02914204D2A8
:105C60003A6822F00F0211433960D8F8001001F0B1
:105C70000F0149450DD9D8F8001021F00F0141EA74
:105C80000901C8F80010D8F8001001F00F014945CB
:105C90005ED141070AD521693A6802F0700291424B
:105CA00004D23A6822F070021143396001070AD524
:105CB00061697A6802F07002914204D27A6822F037
:105CC000700211437960C1060AD5A1697A6802F4AD
:105CD000E062914204D27A6822F4E0621143796072
:105CE00080060AD5E069B96801F07001884204D2E3
:105CF000B96821F070010843B86000F0E1F8396834
:105D000043F26472C0F60102C1F30321515C3B68A7
:105D100003F00F0301F01F01D25C20FA01F102F041
:105D20001F0040F20C02C2F2000221FA00F01060E3
:105D300040F2040040F20802C2F20000C2F2000287
:105D40000068116001B0BDE8F043FDF745BE00BF3B
:105D5000012001B0BDE8F0833F22026044F2184206
:105D6000C5F6020252F8083C03F0070343601368CB
:105D700003F470638360136803F00F03C360136858
:105D800003F070030361536803F0700343615368C9
:105D900003F4E0638361926802F07002C26142F230
:105DA0000000C5F20020006800F00F000860704796
:105DB00080B500F085F844F2184143F26473C5F6EB
:105DC0000201C0F601030A68C2F303229A5C096863
:105DD00001F00F0102F01F02595C20FA02F201F0FB
:105DE0001F0040F20C01C2F2000122FA00F008602C
:105DF00040F20801C2F200010A6080BD000000000C
:105E000080B500F05DF844F2184C43F26473C5F6B7
:105E1000020CC0F60103DCF80020C2F303229A5CF6
:105E2000DCF8001001F00F0102F01F02595CD040B5
:105E300040F20C02C2F2000201F01F0120FA01F14F
:105E4000116040F20802C2F200021060DCF80400A7
:105E5000C0F30210185C00F01F0021FA00F080BDB2
:105E600080B500F02DF844F2184C43F26473C5F687
:105E7000020CC0F60103DCF80020C2F303229A5C96
:105E8000DCF8001001F00F0102F01F02595CD04055
:105E900040F20C02C2F2000201F01F0120FA01F1EF
:105EA000116040F20802C2F200021060DCF8040047
:105EB000C0F30220185C00F01F0021FA00F080BD42
:105EC00044F23041C5F6020151F8200CC0F3C20083
:105ED000032813D0022841D0002845D151F8300CB6
:105EE000800649F20000C0F2D03058BF704751F828
:105EF000301CC1F3C101C840704700BF51F8082CE5
:105F000051F8080CC0F3051C51F8040CBCF1000F4B
:105F10004B682FD000F0010002F003024042022A39
:105F200000EAD3006FF35F3000EE100AB8EE400ACB
:105F300030D0012A20D0FAB951F8300C80064DD467
:105F400008689FED382A6FF35F2001EE100AB8EE63
:105F5000411AA0EE021A9FED360A28E047F64000EB
:105F6000C0F27D10704700BF40F60010C0F23D0047
:105F7000704700BF0020704708689FED2A2A6FF322
:105F80005F2001EE100AB8EE411AA0EE021A9FED52
:105F9000270A0CE008689FED232A6FF35F2001EECB
:105FA000100AB8EE411AA0EE021A9FED1F0AA1EEE8
:105FB000000A01EE10CAB8EE411A086880EE010A24
:105FC000C0F34620013001EE100AB8EE411A80EE0F
:105FD000010ABCEEC00A10EE100A7047B7EE001AB4
:105FE00051F8300C0A689FED0F2A6FF35F22C0F35F
:105FF000C100A0EE021A00EE102A49F20002C0F21F
:10600000D03222FA00F0B8EE400A02EE100AB8EEE2
:10601000422A31EE000A01EE10CAB8EE411A20EE13
:10602000020ACAE70000003920BCBE4B0024744AB3
:106030000024744C0000000070B3F0B581B0044639
:10604000007844F20046C007C5F6020626D1207843
:1060500080076ED5306910F03801B06A46D0182933
:1060600008BF5FEA807041D0E0683168002800F026
:10607000318121F0190108433060FDF761FC0546CC
:10608000306840074ED4FDF75BFC401B0228F7D96F
:10609000032001B0F0BD00BF01207047306900F05F
:1060A0003801B06A102905D018290BD100F003007F
:1060B000022807D130688003C9D560680028C6D19E
:1060C000AEE000BF6068002800F03A81B0F5A02F74
:1060D00000F04E81B0F5803F00F04E81306820F432
:1060E00080303060306820F4802048E1306840071C
:1060F000E06802D5002800F09380316821F0190192
:1061000008433060FDF71CFC054600BF30684007BF
:1061100008D4FDF715FC401B02284FF00300F5D909
:1061200001B0F0BD7068216920F0FE4040EA0160D6
:1061300070602078C0061AD5306900F03801B06A66
:10614000082907D0182940F0858000F003000128B5
:1061500040F080803068C00502D5E06980285FD1BA
:10616000F068216A20F07C5040EA0160F0602078FD
:1061700000073FD42078800656D42078400700F1ED
:106180008180656A9DB3306900F03800182840F0BE
:106190001981012DB16A306B42D001F00302A36A6C
:1061A0009A423DD1C1F30511E26A914238D10146CC
:1061B000226B6FF35F21013A914231D1C0F3462245
:1061C000616B01398A422BD1C0F30642A16B0139C0
:1061D0008A4225D1C0F30660E16B013988421FD1A4
:1061E000706BA16CC0F3CC00814240F0A181002013
:1061F00001B0F0BD60690028706F59D040F0010017
:106200007067FDF79DFB0546706F8007B2D4FDF700
:1062100097FB401B0228F7D9032001B0F0BD00BF57
:10622000012001B0F0BD00BFA0690028306875D022
:1062300040F480503060FDF783FB054630688004F1
:106240009BD4FDF77DFB401B0228F7D9032001B04A
:10625000F0BD00BFE0690028306800F0A18040F088
:1062600080003060FDF76CFB054600BF3068C0055C
:106270003FF576AFFDF764FB401B02284FF00300AB
:10628000F4D94DE7D6F8000440F48070C6F8000455
:10629000FDF756FB054600BFD6F80004C0052BD419
:1062A000FDF74EFB401B6428F6D9032001B0F0BD7A
:1062B00020F001007067FDF743FB0546706F800713
:1062C0007FF558AFFDF73CFB401B02284FF0030061
:1062D000F4D925E721F001003060FDF731FB0546D8
:1062E000306840077FF525AFFDF72AFB401B0228E9
:1062F0004FF00300F4D913E7A068002800F0848071
:10630000052800F09B80012800F09C80306F20F071
:1063100001003067306F20F0040096E020F48050D8
:106320003060FDF70DFB0546306880047FF525AF32
:10633000FDF706FB401B02284FF00300F4D9EFE6FF
:10634000306820F480303060306820F48020306085
:10635000FDF7F6FA054600BF306880037FF577AE9B
:10636000FDF7EEFA401B64284FF00300F4D9D7E69E
:10637000306840F480203060306840F48030306015
:10638000FDF7DEFA054600BF306880033FF55FAEDB
:10639000FDF7D6FA401B6428F6D9032001B0F0BD02
:1063A00020F080003060FDF7CBFA05463068C0056C
:1063B0007FF5DDAEFDF7C4FA401B02284FF0030065
:1063C000F4D9ADE6306820F080703060FDF7B8FA9F
:1063D000022D05460CD100BF3068800148D5FDF77D
:1063E000AFFA401B02284FF00300F5D998E600BF32
:1063F000306880017FF5FBAEFDF7A2FA401B022852
:106400004FF00300F4D98BE6306F20F001003067C5
:10641000306F20F004003067FDF792FA054641F234
:106420008837306F80077FF5ACAEFDF789FA401BE7
:10643000B8424FF00300F4D972E600BF306F40F06D
:1064400004003067306F40F001003067FDF778FAE4
:10645000054641F2883700BF306F80073FF591AEA7
:10646000FDF76EFA401BB8424FF00300F4D957E62F
:1064700004F12807B06A40F2F33188438ECF084315
:10648000591E40EA02104FF47E426FF35F21B06262
:1064900002EB47204FF4FE0280B2E36B0844A16B8D
:1064A00002EB01414FF0FE4201F4FE0102EB0362F8
:1064B000084402F0FE4108443063F06A4FF6F87178
:1064C00020F00100F062706BA26C884340EAC200C9
:1064D0007063F06A216C20F00C000843F062F06AEF
:1064E000616C20F002000843F062F06A40F48030F2
:1064F000F062F06A40F40030F062F06A40F480200C
:10650000F062F06A40F00100F062306840F08070A4
:106510003060FDF715FA0446306880013FF567AE3C
:10652000FDF70EFA001B02284FF00300F4D9F7E53F
:10653000F06A20F00100F062FDF702FA0546FDF76F
:10654000FFF9A842FBD0706B4FF6F871A26C88433C
:1065500040EAC2007063F06A40F00100F06200207F
:1065600001B0F0BD00000000704700000000000016
:1065700070470000000000007047000000000000AD
:1065800060B310B5044690F83D0028B9002084F8A7
:106590003C00204600F024F8022084F83D002068EA
:1065A000211D02F0A1F9012084F8480084F83E0082
:1065B00084F83F0084F8400084F8410084F84200E9
:1065C00084F8430084F8440084F8450084F84600C9
:1065D00084F8470084F83D00002010BD012070477A
:1065E000704700000000000090F83D10012927D1FD
:1065F000022180F83D1001684DF6FF70C4F20000E2
:106600008142C86840F00100C8601BDC40F2FF70A6
:10661000C4F2000081422DDD40F60000C4F200000B
:1066200081423DD040F60040C4F20000814237D0A4
:1066300041F60000C4F20000814231D03CE000BFCE
:10664000012070474FF6FF70C4F2000081421BDD4D
:106650000020C4F20100814222D044F20000C4F2C2
:10666000010081421CD040F20040C4F2010081428E
:1066700016D021E0B1F1804F12D040F20040C4F2B8
:10668000000081420CD017E04EF20000C4F200007E
:10669000814205D04EF20040C4F2000081420BD18D
:1066A00007228868C0F2010202400020062A18BFB3
:1066B000B2F5803F00D17047086840F001000860E3
:1066C000002070470000000070470000000000003C
:1066D000F0B581B004460068C5680669B10717D5F2
:1066E00015F0020114D06FF0020101610121217740
:1066F0008069800704D02046FFF7E6FF06E000BF70
:10670000204600F09DF8204600F09EF800202077FB
:10671000700719D515F0040016D020686FF0040139
:10672000016102212177806910F4407F04D0204666
:10673000FFF7CAFF06E000BF204600F081F82046C0
:1067400000F082F800202077300717D515F00800F8
:1067500014D020686FF00801016104212177C0691D
:10676000800703D02046FFF7AFFF05E0204600F08A
:1067700067F8204600F068F800202077F00619D569
:1067800015F0100016D020686FF01001016108218B
:106790002177C06910F4407F04D02046FFF794FFB2
:1067A00006E000BF204600F04BF8204600F04CF811
:1067B00000202077F00718BF15F0010006D02068F0
:1067C0006FF001010161204600F042F805F08007FA
:1067D00016F4025F18BF002F02D1F00509D410E0B3
:1067E00020686FF4025101612046FFF7C1FEF005F9
:1067F00007D537B120686FF4807101612046FFF73B
:10680000B3FE700609D515F0400006D020686FF081
:1068100040010161204600F027F8B0060CD515F0C4
:10682000200009D020686FF020010161204601B0EE
:10683000BDE8F040FFF7A0BE01B0F0BD00000000D1
:1068400070470000000000007047000000000000DA
:1068500040F200410068C4F20101884218BF70474D
:10686000FDF776B80000000070470000000000004F
:1068700090F88410012901D1022070472421C0F82A
:10688000881002681368116823F0005321F0010199
:1068900011600021416613602022C0F8882080F832
:1068A0008410084670470000704700000000000098
:1068B000704700000000000090F88420012A01D1F8
:1068C0000220704770B52422C0F888200268D0F8F2
:1068D00064E0BEF1000FD2F800C0136823F001039A
:1068E0001360936823F0606341EA0301916019D05B
:1068F000916843F6542E9368C0F6010E5B0F43F681
:106900005C25C1F34266C0F601051EF80340E95C50
:106910002301B3FBF1F11EF80630AE5D1B01B3FBA2
:10692000F6F301E001210123A0F86A102021A0F86C
:106930006830C2F800C0C0F88810002180F88410C8
:10694000BDE870400846704790F88420012A01D1C4
:106950000220704770B52422C0F888200268D0F861
:1069600064E0BEF1000FD2F800C0136823F0010309
:106970001360936823F0604341EA0301916019D0EA
:10698000916843F6542E9368C0F6010E5B0F43F6F0
:106990005C25C1F34266C0F601051EF80340E95CC0
:1069A0002301B3FBF1F11EF80630AE5D1B01B3FB12
:1069B000F6F301E001210123A0F86A102021A0F8DC
:1069C0006830C2F800C0C0F88810002180F8841038
:1069D000BDE87040084670477047000000000000A6
:1069E0007047000000000000704700000000000039
:1069F00070B50446006840F62F01C2691140202995
:106A0000016886680CD101F0200306F080555B19FF
:106A100018D0616F71B32046BDE87040084700BFD1
:106A200040F60F031A420DD0012340F22015C1F2A7
:106A30000003C0F2004506EA030C01EA050313EB6C
:106A40000C0327D1D306E36E16D5012B14D111F018
:106A5000100311D0102101628068400626D4B4F8DA
:106A60005C00B4F85E10B4F85E20002A18BF8842BB
:106A700040F0C68170BD00BFD30235D516F4800347
:106A800032D04FF4801101622046BDE87040FFF71C
:106A9000A7BF00BFD30718BF11F4807340F08880F0
:106AA000930706F0010E00F18F8098E0D4F8800083
:106AB00040F20F42C4F202020168914254DC6F229C
:106AC000C4F20202914200F31D823F22C4F202028C
:106AD000914200F34B821022C4F20202914200F074
:106AE0006A82282264E200BF100606D501F0800009
:106AF00006F40003C01840F0118250064CD511F086
:106B0000400049D0206850E8000F216820F0400084
:106B100041E80002F2B1206850E8000F216820F03F
:106B2000400041E80002002A1FBF206850E8000F23
:106B3000216820F040001CBF41E80002002A09D073
:106B4000206850E8000F216820F0400041E8000272
:106B5000002AD7D12020C4F888000020A067204652
:106B6000BDE8704001F010B840F26F42C4F202027A
:106B7000914200F3D98140F23F42C4F202029142B5
:106B800000F3FC8140F21042C4F20202914200F094
:106B9000128240F228420BE2100240F1DB8111F038
:106BA000804000F0D7812046BDE87040FFF714BF59
:106BB00001230362D4F8903043F00103C4F890300D
:106BC000930706F0010E0AD5BEF1000F07D002238D
:106BD0000362D4F8903043F00403C4F890305307B4
:106BE0000AD5BEF1000F07D004230362D4F8903019
:106BF00043F00203C4F8903013070CD501F02003D2
:106C000053EA0C0307D008230362D4F8903043F012
:106C10000803C4F8903013050BD511F0806308D039
:106C20004FF400630362D4F8903043F02003C4F8BB
:106C30009030D4F89030002B3FF41CAF92060AD568
:106C400001F0200106F08052891804D0616F11B163
:106C5000204688472068D4F89010806800F04000F3
:106C600001F02801401807D12046FFF7BDFE0020A3
:106C7000C4F8900070BD00BF206850E8000F216884
:106C800020F4907041E80002F2B1206850E8000F53
:106C9000216820F4907041E80002002A1FBF20689C
:106CA00050E8000F216820F490701CBF41E80002FA
:106CB000002A09D0206850E8000F216820F4907065
:106CC00041E80002002AD7D14FF6FE70CEF6FF70E1
:106CD000216851E8021F2268014042E80213DBB13B
:106CE000216851E8021F2268014042E80213002B8C
:106CF0001FBF216851E8021F226801401CBF42E803
:106D00000213002B08D0216851E8021F22680140BD
:106D100042E80213002BDBD1E06E012827D1206866
:106D200050E8000F216820F0100041E80002F2B1A5
:106D3000206850E8000F216820F0100041E80002B0
:106D4000002A1FBF206850E8000F216820F01000C3
:106D50001CBF41E80002002A09D0206850E8000F5B
:106D6000216820F0100041E80002002AD7D120203D
:106D7000C4F88C000020E0662168606788684006DF
:106D800040F1E280206850E8020F216820F04000C6
:106D900041E80202F2B1206850E8020F216820F0B9
:106DA000400041E80202002A1FBF206850E8020F9D
:106DB000216820F040001CBF41E80202002A09D0EF
:106DC000206850E8020F216820F0400041E80202EC
:106DD000002AD7D1D4F88000002800F0B58048F60A
:106DE0000951C0F600010165FAF716FB00283FF4CF
:106DF00041AED4F88000016DBDE87040084700BF87
:106E0000401A216851E8001F226821F4907142E87D
:106E10000013F3B1216851E8001F226821F490713A
:106E200042E80013002B1FBF216851E8001F2268B1
:106E300021F490711CBF42E80013002B09D0216897
:106E400051E8001F226821F4907142E80013002BE2
:106E5000D7D14FF6FE71CEF6FF71226852E8022FAD
:106E600023680A4043E80226DEB1226852E8022F76
:106E700023680A4043E80226002E1FBF226852E81A
:106E8000022F23680A401CBF43E80226002E08D0C8
:106E9000226852E8022F23680A4043E80226002EA7
:106EA000DBD12021C4F88C100021E16661672168E4
:106EB00051E8001F226821F0100142E80013F3B1ED
:106EC000216851E8001F226821F0100142E80013F8
:106ED000002B1FBF216851E8001F226821F010011C
:106EE0001CBF42E80013002B09D0216851E8001FA5
:106EF000226821F0100142E80013002BD7D181B2A3
:106F000028E100BF9F22C4F20202914240DC7022BD
:106F1000C4F2020291424ED0882249E0A16F0029BA
:106F20007FF479ADA6E500BF40F29F42C4F20202B1
:106F3000914235DC40F27042C4F2020291423AD0F2
:106F400040F2884234E000BF2046BDE87040FFF7C1
:106F50004BBD00BFD0017FF58DADB1F1FF3FC8BF84
:106F600070BD2046BDE87040FFF7A2BC4022C4F2CD
:106F7000020291421FD058221AE000BF40F2404264
:106F8000C4F20202914216D040F2584210E000BF13
:106F9000A022C4F2020291420DD0B82208E000BF44
:106FA00040F2B842C4F20202914204D040F2A04240
:106FB000C4F2020291424A68B4F85C3091B20029EE
:106FC00000F0C080994280F0BD80A4F85E20C069C6
:106FD000B0F5807F00F0A980206850E8000F21689C
:106FE00020F4807041E80002F2B1206850E8000F00
:106FF000216820F4807041E80002002A1FBF206849
:1070000050E8000F216820F480701CBF41E80002A6
:10701000002A09D0206850E8000F216820F4807011
:1070200041E80002002AD7D1206850E8020F216809
:1070300020F0010041E80202F2B1206850E8020F9E
:10704000216820F0010041E80202002A1FBF2068E9
:1070500050E8020F216820F001001CBF41E8020245
:10706000002A09D0206850E8020F216820F00100B2
:1070700041E80202002AD7D1206850E8020F2168B7
:1070800020F0400041E80202F2B1206850E8020F0F
:10709000216820F0400041E80202002A1FBF20685A
:1070A00050E8020F216820F040001CBF41E80202B6
:1070B000002A09D0206850E8020F216820F0400023
:1070C00041E80202002AD7D12020C4F88C00002019
:1070D000E066206850E8000F216820F0100041E8C9
:1070E0000002F2B1206850E8000F216820F0100083
:1070F00041E80002002A1FBF206850E8000F216805
:1071000020F010001CBF41E80002002A09D02068CE
:1071100050E8000F216820F0100041E80002002A2A
:10712000D7D1D4F88000F9F7DFFE02202067B4F849
:107130005C00B4F85E10401A81B22046BDE8704091
:10714000FFF7B2BB8B427FF495ACC069B0F5807F8E
:107150007FF490AC022020672046BDE87040FFF726
:10716000A3BB00000000000010B5D8B10446D0F861
:10717000880028B9002084F88400204600F028F810
:107180002420C4F888002068A16A0268002922F03F
:107190000101016002D0204601F08AFC204602F085
:1071A00023FC08B1012010BD2068416821F4904102
:1071B0004160816821F02A018160016841F001018C
:1071C00001602046BDE8104001F0E2BC0000000074
:1071D0002DE9F047B6B000210446CDE93411CDE9E0
:1071E0003211319102A8B821F9F713FA47F6FF31AD
:1071F0002068C4F2000188424CDC44F6FF31C4F23E
:107200000001884240F3C68044F60041C4F2000108
:10721000884200F0898145F20001C4F200018842F1
:1072200000F0D48147F60001C4F20001884240F02A
:10723000988302A80024039402250295FDF704FF19
:1072400008B1F9F719FE44F2E040C5F60200816882
:1072500041F080418160816801F080410191019994
:10726000016841F010010160006831A900F01000D0
:10727000019001984FF4C070CDE931050720359099
:1072800041F20000C5F60200CDE93344FCF774FA80
:1072900052245EE341F2FF31C4F20101884240F31F
:1072A000DD8041F20041C4F20101884200F0FE811C
:1072B00041F60001C4F20101884200F04F8241F61C
:1072C0000041C4F20101884240F04B83012002904A
:1072D00002A800270397FDF7B7FE08B1F9F7CCFD28
:1072E00044F2E04041F20005C5F60200C5F6020591
:1072F00031AE4FF0040801694FF0020941F08001FE
:107300000161016901F0800101910199016841F079
:10731000100101600068314600F0100001900198F2
:107320002846CDF8C480CDE93297CDE93478FCF712
:1073300023FA08203146CDE931090B203590284643
:10734000CDE93377FCF718FA42F648251020C2F24F
:107350000005C4F2020000F58360286077206860B1
:107360004020C5E902074FF480602F63C5E9040798
:107370000320C5E90A072846C5E90677C5E9087864
:10738000FAF7B2FD08B1F9F777FDE567AC639C2425
:10739000DFE200BF44F20041C4F20001884200F085
:1073A000338244F60001C4F20001884240F0D982E1
:1073B00002A80026039602250295FDF745FE08B1B6
:1073C000F9F75AFD44F2E040C5F60200816841F445
:1073D00080218160816801F4802101910199016817
:1073E00041F002010160006831A900F00200019043
:1073F00001984FF4406061C141F200010720C5F6D9
:1074000002013590A1F5406031A93496FCF7B4F93A
:1074100042F6B0351020C2F20005C4F20200A830D6
:1074200028602E2068604020C5E902064FF4806085
:107430002E62C5E904060420686203202E63C5E9B4
:107440000A062846C5E90666FAF74EFD08B1F9F7BF
:1074500013FDE567AC6327247BE200BF47F60041DC
:10746000C4F20001884200F0238241F20001C4F21C
:107470000101884240F075820120029002A8002696
:107480000396FDF7E1FD08B1F9F7F6FC44F2E040A0
:107490000427C5F60200016941F01001016101698C
:1074A00001F0100101910199016841F002010160B0
:1074B000006831A900F00200019001984FF44040AB
:1074C00031900220CDE9320641F200003496C5F633
:1074D00002003597A0F54060FCF74EF942F6C02552
:1074E0001020C2F20005C4F20200783028602A2081
:1074F00068604020C5E902064FF480602E63C5E94C
:1075000004064FF48030C5E908070320C5E90A06E0
:107510002846C5E90666FAF7E7FC08B1F9F7ACFCBE
:10752000E567AC63252414E202A800260396022531
:107530000295FDF789FD08B1F9F79EFC44F2E040A1
:107540000327C5F60200816841F40021816081684B
:1075500001F4002101910199016841F001010160EC
:10756000006841F2000100F001000190C5F602013F
:10757000019808203590A1F5805031A9CDE93175E9
:10758000CDE93366FCF7F8F842F668051020C2F240
:107590000005C4F2020028604020C5E901004FF454
:1075A0008060EE60C5E9040604202E62C5E9090783
:1075B0002846C5E90666C5E90B66FAF795FC08B1E9
:1075C000F9F75AFCE567AC633424C2E102A800264F
:1075D00003964FF00208CDF80880FDF735FD08B19D
:1075E000F9F74AFC44F2E04041F20007C5F6020018
:1075F000C5F6020731AD4FF00809816841F48011EA
:107600008160816801F4801101910199016841F064
:1076100004010160016801F0040101910199016810
:1076200041F0080101600068294600F0080001905F
:1076300001984FF48050CDE93108A7F50060CDF8EE
:10764000D490CDE93366FCF797F8A7F5806029461A
:107650004FF0040ACDF8D490CDE931A8CDE93366D6
:10766000FCF78AF842F6E0051020C2F20005C4F2E9
:10767000020018302860422068604020C5E90206F8
:107680004FF480602E63C5E904060320C5E90A06AD
:107690002846C5E90666C5E9086AFAF725FC08B177
:1076A000F9F7EAFBE567AC63352452E1012002906B
:1076B00002A800260396FDF7C7FC08B1F9F7DCFB2A
:1076C00044F2E040C5F60200016941F02001016189
:1076D000016901F0200101910199016841F0040163
:1076E0000160006841F2000100F004000190C5F65D
:1076F00002010198C020319002203496CDE9320673
:1077000007203590A1F5006031A9FCF735F842F665
:1077100028451020C2F20005C4F2020000F5806086
:107720002860482068604020C5E902064FF4806068
:107730002E62C5E904060420686203202E63C5E9B1
:107740000A062846C5E90666FAF7CEFB08B1F9F73E
:1077500093FBE567AC634724FBE000BF0120029088
:1077600002A800260396FDF76FFC08B1F9F784FB29
:1077700044F2E0400327C5F60200016941F04001F0
:107780000161016901F0400101910199016841F035
:1077900040010160006831A900F0400001900198AB
:1077A0000220CDE932060B20359041F200003197DE
:1077B000C5F60200349600F50060FBF7DDFF42F6E7
:1077C000D0151020C2F20005C4F20200603028601B
:1077D000752068604020C5E902064FF480602E6283
:1077E000C5E904060420C5E909072846C5E9066677
:1077F000C5E90B66FAF778FB08B1F9F73DFBE567D9
:10780000AC639B24A5E000BF02A8002603960225D6
:107810000295FDF719FC08B1F9F72EFB44F2E040A0
:10782000C5F60200816841F400318160816801F48D
:10783000003101910199016841F001010160006886
:1078400031A900F00100019001980C2061C141F2C2
:1078500000010720C5F602013590A1F5805031A93D
:107860003496FBF789FF42F638351020C2F2000546
:10787000C4F20200903028602C2068604020C5E9E6
:1078800002064FF480602E62C5E904060420686297
:1078900003202E63C5E90A062846C5E90666FAF7FD
:1078A00023FB08B1F9F7E8FAE567AC63262450E05A
:1078B00002A80026039602250295FDF7C5FB08B134
:1078C000F9F7DAFA44F2E0400327C5F602008168CE
:1078D00041F000418160816801F00041019101990E
:1078E000016841F010010160006831A900F010004A
:1078F000019001980820359041F20000C5F6020081
:10790000CDE93175CDE93366FBF736FF42F6581500
:107910001020C2F20005C4F2020048302860522054
:1079200068604020C5E902064FF480602E62C5E918
:1079300004060420C5E909072846C5E90666C5E925
:107940000B66FAF7D1FA08B1F9F796FAE567AC6376
:107950005324052100222046FCF7BAF82046FCF704
:10796000A3F836B0BDE8F087D0F88C30202B07D1D3
:107970000123002918BF002A06D11846704700BF0E
:1079800002231846704700BF80B50023C36640F647
:107990000043D0F800C0C5F600039C4503D0DCF8D6
:1079A00004301B0204D402F06FFA002080BD00BF37
:1079B000036853E800CFD0F800E04CF080634EE855
:1079C000003CBCF1000FEED0036853E800CFD0F8C4
:1079D00000E04CF080634EE8003CBCF1000F1FBF9C
:1079E000036853E800CFD0F800E04CF080631CBF80
:1079F0004EE8003CBCF1000FD5D0036853E800CF3F
:107A0000D0F800E04CF080634EE8003CBCF1000F81
:107A1000CED1C8E70000000070B540F29465C2F214
:107A200000056968012930DB044605F114064A1E89
:107A300056F80C0C4368A34228D0AAB156F8080C9B
:107A40004368A34224D0012A0ED056F8040C4368A0
:107A5000A3421FD0022A07D030684368A3421AD03D
:107A6000043A1036501CE3D10129B8BF70BD00267E
:107A700005EB86000122806800F108012046FFF72F
:107A800073FF013668688642F2DB70BD0C3E02E08F
:107A9000083E00E0043E0268017A126890473068B0
:107AA000012200F108012046BDE87040FFF75CBFED
:107AB00010B50446D0F88800202833D100294FF0B3
:107AC00001005DD0002A134608BF10BD21654FF0AC
:107AD000000EA4F854302120A4F85630C4F890E0E9
:107AE000C4F88800E06FF8B148F6117C48F6D1720E
:107AF000C0F6000CC0F60002C0E90FC248F61952E9
:107B0000C0F60002C0E9132E22682832FAF718FDE9
:107B100050B11020C4F890002020C4F88800012043
:107B200010BD00BF022010BD206840210162206806
:107B300050E8020F216840F0800041E80202F2B1F3
:107B4000206850E8020F216840F0800041E80202FE
:107B5000002A1FBF206850E8020F216840F0800013
:107B60001CBF41E80202002A09D0206850E8020F39
:107B7000216840F0800041E80202002AD7D10020AD
:107B800010BD000000000000704700000000000071
:107B90007047000000000000FEE700000000000049
:107BA00080B582B044F2D8400022C5F602000168D8
:107BB00041F001010160016801F0010101910199A9
:107BC000016841F0020101600068052100F0020037
:107BD000009000980B20FBF77BFF0B20FBF764FF66
:107BE0000C2005210022FBF773FF0C20FBF75CFF44
:107BF0000E2005210022FBF76BFF0E20FBF754FF40
:107C00000F2005210022FBF763FF0F20FBF74CFF3D
:107C1000102005210022FBF75BFF1020FBF744FF3B
:107C2000112005210022FBF753FF1120FBF73CFF39
:107C30002F2005210022FBF74BFF2F20FBF734FFFD
:107C4000382005210022FBF743FF3820FBF72CFFEB
:107C5000392005210022FBF73BFF392002B0BDE8A7
:107C60008040FBF721BF000080B542F6A0404AF2F9
:107C70000001C2F20000C4F200014FF0010C032326
:107C800001600021C0E9021101820A2280F812C0BD
:107C90004FF01D0E43618261C0E907E2C0E909327D
:107CA000C0E90BE2C0E90D1CC0E90F130422C0E9D2
:107CB0001121C0E91321C0E91521C0E91713C0E95A
:107CC0001912FBF7C5F9002808BF80BDBDE8804048
:107CD000F9F7D2B80000000080B542F640504AF2F1
:107CE0000041C2F20000C4F200014FF0010C032376
:107CF00001600021C0E9021101820A2280F812C04D
:107D00004FF01D0E43618261C0E907E2C0E909320C
:107D1000C0E90BE24FF48062C0E90D2CC0E90F13FB
:107D20000422C0E91121C0E91321C0E91521C0E9ED
:107D30001713C0E91912FBF78BF9002808BF80BDA3
:107D4000BDE88040F9F798B880B542F6E0504DF2B2
:107D50000041C2F20000C4F200014FF0010C032305
:107D600001600021C0E9021101820A2280F812C0DC
:107D70004FF01D0E43618261C0E907E2C0E909329C
:107D8000C0E90BE24FF40062C0E90D2CC0E90F130B
:107D90000422C0E91121C0E91321C0E91521C0E97D
:107DA0001713C0E91912FBF753F9002808BF80BD6B
:107DB000BDE88040F9F760B881B044F2E040C5F614
:107DC0000200016841F010010160016801F010013A
:107DD00000910099016841F020010160016801F003
:107DE000200100910099016841F080010160016863
:107DF00001F0800100910099016841F001010160EA
:107E0000016801F0010100910099016841F0400111
:107E10000160016801F0400100910099016841F0A2
:107E200002010160016801F00201009100990168FE
:107E300041F004010160016801F004010091009922
:107E4000016841F008010160006800F0080000903E
:107E5000009801B07047000080B543F2006044F61E
:107E60000041C2F20000C4F200010C2201604FF494
:107E7000E13141600021C0E902110161C0E9052141
:107E8000C0E90711C0E90911FFF76EF908B1F8F769
:107E9000F3FF43F200600021C2F20000FEF754FD40
:107EA00008B1F8F7E9FF43F200600021C2F20000D8
:107EB000FEF702FD08B1F8F7DFFF43F20060C2F2FF
:107EC0000000FEF7D5FC002808BF80BDBDE880405B
:107ED000F8F7D2BF0000000080B543F2946045F28D
:107EE0000001C2F20000C4F200010C2201604FF454
:107EF000E13141600021C0E902110161C0E90521C1
:107F0000C0E90711C0E90911FFF72EF908B1F8F728
:107F1000B3FF43F294600021C2F20000FEF714FDAB
:107F200008B1F8F7A9FF43F294600021C2F2000003
:107F3000FEF7C2FC08B1F8F79FFF43F29460C2F26B
:107F40000000FEF795FC002808BF80BDBDE880401A
:107F5000F8F792BF0000000080B543F2BC7047F60E
:107F60000001C2F20000C4F200010C2201604FF4D3
:107F7000E13141600021C0E902110161C0E9052140
:107F8000C0E90711C0E90911FFF7EEF808B1F8F7E9
:107F900073FF43F2BC700021C2F20000FEF7D4FC74
:107FA00008B1F8F769FF43F2BC700021C2F200008B
:107FB000FEF782FC08B1F8F75FFF43F2BC70C2F233
:107FC0000000FEF755FC002808BF80BDBDE88040DA
:107FD000F8F752BF0000000080B543F6500047F6A6
:107FE0000041C2F20000C4F200010C2201604FF413
:107FF000E13141600021C0E902110161C0E90521C0
:10800000C0E90711C0E90911FFF7AEF808B1F8F7A8
:1080100033FF43F650000021C2F20000FEF794FC4B
:1080200008B1F8F729FF43F650000021C2F2000022
:10803000FEF742FC08B1F8F71FFF43F65000C2F20A
:108040000000FEF715FC002808BF80BDBDE8804099
:10805000F8F712BF0000000080B543F6E40041F6D7
:108060000001C2F20000C4F201010C2201604FF4D1
:10807000E13141600021C0E902110161C0E905213F
:10808000C0E90711C0E90911FFF76EF808B1F8F768
:10809000F3FE43F6E4000021C2F20000FEF754FCB8
:1080A00008B1F8F7E9FE43F6E4000021C2F200004F
:1080B000FEF702FC08B1F8F7DFFE43F6E400C2F277
:1080C0000000FEF7D5FB002808BF80BDBDE880405A
:1080D000F8F7D2BE0000000080B543F2444041F6FC
:1080E0000041C2F20000C4F201010C2201604FF411
:1080F000E13141600021C0E902110161C0E90521BF
:10810000C0E90711C0E90911FFF72EF808B1F8F727
:10811000B3FE43F244400021C2F20000FEF714FC1B
:1081200008B1F8F7A9FE43F244400021C2F2000072
:10813000FEF7C2FB08B1F8F79FFE43F24440C2F2DB
:108140000000FEF795FB002808BF80BDBDE8804019
:10815000F8F792BE0000000080B543F2B03041F263
:108160000001C2F20000C4F201010C2201604FF4D0
:10817000E13141600021C0E902110161C0E905213E
:10818000C0E90711C0E90911FEF7EEFF08B1F8F7E1
:1081900073FE43F2B0300021C2F20000FEF7D4FBC0
:1081A00008B1F8F769FE43F2B0300021C2F20000D6
:1081B000FEF782FB08B1F8F75FFE43F2B030C2F27F
:1081C0000000FEF755FB002808BF80BDBDE88040D9
:1081D000F8F752BE0000000080B543F2D84044F2E8
:1081E0000041C2F20000C4F200010C2201604FF411
:1081F000E13141600021C0E902110161C0E90521BE
:10820000C0E90711C0E90911FEF7AEFF08B1F8F7A0
:1082100033FE43F2D8400021C2F20000FEF794FB87
:1082200008B1F8F729FE43F2D8400021C2F200005D
:10823000FEF742FB08B1F8F71FFE43F2D840C2F246
:108240000000FEF715FB002808BF80BDBDE8804098
:10825000F8F712BE0000000080B543F26C5044F6FF
:108260000001C2F20000C4F200010C2201604FF4D0
:10827000E13141600021C0E902110161C0E905213D
:10828000C0E90711C0E90911FEF76EFF08B1F8F760
:10829000F3FD43F26C500021C2F20000FEF754FBE4
:1082A00008B1F8F7E9FD43F26C500021C2F200007A
:1082B000FEF702FB08B1F8F7DFFD43F26C50C2F2A3
:1082C0000000FEF7D5FA002808BF80BDBDE8804059
:1082D000F8F7D2BD0000000080B543F2287041F2EB
:1082E0000041C2F20000C4F201010C2201604FF40F
:1082F000E13141600021C0E902110161C0E90521BD
:10830000C0E90711C0E90911FEF72EFF08B1F8F71F
:10831000B3FD43F228700021C2F20000FEF714FB07
:1083200008B1F8F7A9FD43F228700021C2F200005D
:10833000FEF7C2FA08B1F8F79FFD43F22870C2F2C7
:108340000000FEF795FA002808BF80BDBDE8804018
:10835000F8F792BD0000000080B542F28C5040F268
:108360001001C2F20000C2F20001012202F050FD31
:1083700008B1F8F781FD42F28C5040F23001C2F2B0
:108380000000C2F2000102F0CBFF08B1F8F774FD63
:1083900042F28C5040F2CC01C2F20000C2F2000165
:1083A00002F036FA08B1F8F767FD42F28C50C2F2DB
:1083B000000002F0E1FF08B1F8F75EFDBDE8804083
:1083C000FCF79ABC00000000FEE70000000000007F
:1083D000FEE700000000000042F68060C2F20000EC
:1083E000FBF786BD00000000000000000000000058
:1083F000EFF30980BFF36F8F154B1A681EF0100F53
:1084000008BF20ED108A20E9F04F10602DE9090027
:108410004FF0500080F31188BFF34F8FBFF36F8F81
:1084200009F0BEFD4FF0000080F31188BDE809009F
:1084300019680868B0E8F04F1EF0100F08BFB0ECE4
:10844000108A80F30988BFF36F8F704700BF00BFA9
:10845000B80500200000000070B540F29465C2F23B
:1084600000052A6862B10C46002908BF70BD461E8F
:10847000286816F8011F026812689047013CF7D17E
:1084800070BD000000000000F0B581B044F22C4740
:10849000C5F6020757F8042C02F00302032A03D1A1
:1084A000012001B0F0BD00BF054657F82C0C0C466A
:1084B00020F0806047F82C0CFBF742FA064600BF1C
:1084C00057F82C0C000105D5FBF73AFA801B02285F
:1084D000F6D964E057F8040CEE6895E80E0020F435
:1084E0007C30012C40EA0130A2F101016FF35F21E1
:1084F0004FF47E4202EB432247F8040C92B24FF055
:10850000FE4302EB01004FF4FE012A6901EB064134
:1085100001F4FE0103EB0262084402F0FE4108444C
:10852000F8603868696920F0C00040EA01003860EE
:108530003868A96920F0200040EA010038603868F6
:108540004FF6F87120F0100038603869EA6920EAC7
:1085500001004FF4001140EAC2003861386808BFDA
:108560004FF4801140F01000002C386008BF4FF429
:10857000002138680843386057F82C0C40F08060C0
:1085800047F82C0CFBF7DCF9044600BF57F82C0C1D
:10859000000107D4FBF7D4F9001B0328F6D303200E
:1085A00001B0F0BD002001B0F0BD000000000000EF
:1085B000F0B581B044F22C47C5F6020757F8042CF9
:1085C00002F00302032A03D1012001B0F0BD00BF75
:1085D000054657F82C0C0C4620F0805047F82C0C20
:1085E000FBF7AEF9064600BF57F82C0C800005D506
:1085F000FBF7A6F9801B0228F6D964E057F8040CB3
:10860000EE6895E80E0020F07C70012C40EA0150E5
:10861000A2F101016FF35F214FF47E4202EB43228E
:1086200047F8040C92B24FF0FE4302EB01004FF406
:10863000FE012A6901EB064101F4FE0103EB02622F
:10864000084402F0FE41084478613868696920F402
:10865000406040EA010038603868A96920F4007081
:1086600040EA0100386038684FF6F87120F48070F5
:108670003860B869EA6920EA01004FF0807140EA89
:10868000C200B861386808BF4FF4000140F4807040
:10869000002C386008BF4FF4800138680843386008
:1086A00057F82C0C40F0805047F82C0CFBF748F999
:1086B000044600BF57F82C0C800007D4FBF740F9A4
:1086C000001B0328F6D3032001B0F0BD002001B049
:1086D000F0BD0000000000000000000000000000ED
:1086E000074B19680868B0E8F04F80F30988BFF3BA
:1086F0006F8F4FF0000080F31188704700BF00BFFC
:10870000B80500200000000080B54EF21000CEF247
:10871000000000680AF088FA012808BF80BDBDE8A3
:10872000804009F065BD0000B0B59CB044F6180467
:10873000022000251195CDE90F55CDE90D55CDE964
:108740000B550895C5F60204CDE90655CDE904554B
:10875000CDE902550195FCF7A7FA0095206820F4B1
:1087600040402060206800F440400090009820685D
:10877000800409D4206880045CBF20685FEA8040E0
:1087800002D420688004F2D5212009904FF4803073
:108790000A9001200F900221052214926022CDE957
:1087A000152004200824CDE9170109A81994CDE962
:1087B00012110025CDE91A55FDF73EFC20B1EFF36B
:1087C000108072B6FEE700BF3F20019003204FF4F7
:1087D0008061CDE9020540200494CDE90500CDE992
:1087E000071001A80321FDF783F928B1EFF31080EA
:1087F00072B600BFFEE700BF1CB0B0BD00000000B5
:108800004EF6885042F2000CCEF20000C5F2002C69
:10881000026842F470020260DCF8000000F00F0011
:10882000062806D8DCF80000072262F30300CCF823
:10883000000044F200404EF67F51C5F60200CEF62D
:10884000F621026842F00102026000220261036820
:1088500019400160DCF80010090706D5DCF80010AB
:10886000072363F30301CCF8001040F2002182617A
:10887000C261C0F20221026281620021C0F2FF11D6
:10888000C16240F28021C0F2011101634263816341
:10889000C26301644264016821F4802101600266C0
:1088A000D0F8D410C90448BF7047D0F8D41043F2B0
:1088B000D20241F48051C0F8D41044F20001C5F254
:1088C00000210A60D0F8D41021F48051C0F8D410EF
:1088D000704700000000000043F26430C2F2000064
:1088E000FDF7F6BE0000000010B540F6FF32D0F8EC
:1088F00000E0C4F20002904210DCB0F1804F1ED0C4
:1089000040F20043C4F20003984218D040F600033E
:10891000C4F20003984212D016E000BF40F60043B4
:10892000C4F2000398420AD040F20043C4F20103AB
:10893000984204D00023C4F20103984204D12EF0DF
:1089400070024B6843EA020E4EF2FF3343F6FF7C9F
:10895000C4F20003C4F2010C984213DD60452BDC25
:108960004EF20043C4F20003984242D00023C4F206
:10897000010398423DD040F20043C4F20103984203
:1089800037D03BE040F2FF73C4F20003984227DD8A
:1089900040F60003C4F2000398422AD040F6004398
:1089A000C4F20003984224D04EF20003C4F2000344
:1089B00098421ED022E000BF44F20003C4F201033B
:1089C000984216D044F60003C4F20103984210D036
:1089D00044F20043C4F2010398420AD00EE000BF03
:1089E000B0F1804F05D040F20043C4F2000398423A
:1089F00004D12EF44072CB6843EA020E4B69604505
:108A00000A688C68C462826212DD44F20002C4F219
:108A10000102904217D044F60002C4F201029042D3
:108A200011D044F20042C4F2010290420BD00CE09B
:108A30000022C4F20102904205D040F20042C4F28A
:108A40000102904201D109690163016841F004010A
:108A50000160012141612EF080011943016010BDC8
:108A600043F20060C2F20000FDF7C2BF0000000048
:108A700043F29460C2F20000FDF7BABF00000000AC
:108A800043F2BC70C2F20000FDF7B2BF000000006C
:108A900043F65000C2F20000FDF7AABF000000003C
:108AA00043F6E400C2F20000FDF7A2BF00000000A0
:108AB000816A0A070CD4CA0715D18A071ED44A074F
:108AC00027D4CA0630D48A0639D44A0642D454E0A0
:108AD0000268D0F838C0536823F4004343EA0C031B
:108AE0005360CA07E9D00268D0F82CC0536823F459
:108AF000003343EA0C0353608A07E0D50268D0F8DC
:108B000030C0536823F4803343EA0C0353604A07B0
:108B1000D7D50268D0F834C0536823F4802343EAE1
:108B20000C035360CA06CED50268D0F83CC09368E7
:108B300023F4805343EA0C0393608A06C5D5026888
:108B4000D0F840C0936823F4005343EA0C039360C9
:108B50004A0612D50268D0F844C0BCF5801F53689D
:108B600023F4801343EA0C03536006D1536823F4C3
:108B7000C00C836C43EA0C035360090658BF70476E
:108B80000168C06C4A6822F40022104348607047B4
:108B9000B0B582B004460020C4F89000FAF7D0FEC9
:108BA000216805460A68120737D54FF400110022E4
:108BB0006FF07E40009020462B4601F0A1FA58B39A
:108BC000206850E8000F216820F0800041E8000292
:108BD000F2B1206850E8000F216820F0800041E8E1
:108BE0000002002A1FBF206850E8000F216820F013
:108BF00080001CBF41E80002002A09D0206850E82C
:108C0000000F216820F0800041E80002002AD7D13F
:108C10002020C4F8880062E021680868400765D514
:108C20004FF4800100226FF07E40009020462B46DA
:108C300001F066FA002859D0206850E8000F21683A
:108C400020F4907041E80002F2B1206850E8000F73
:108C5000216820F4907041E80002002A1FBF2068BC
:108C600050E8000F216820F490701CBF41E800021A
:108C7000002A09D0206850E8000F216820F4907085
:108C800041E80002002AD7D1206850E8020F21688D
:108C900020F0010041E80202F2B1206850E8020F22
:108CA000216820F0010041E80202002A1FBF20686D
:108CB00050E8020F216820F001001CBF41E80202C9
:108CC000002A09D0206850E8020F216820F0010036
:108CD00041E80202002AD7D12020C4F88C000320EA
:108CE000002184F8841002B0B0BD00BF2020C4F879
:108CF0008800C4F88C000020E0662067002184F81A
:108D0000841002B0B0BD0000806B0021A0F85E109E
:108D1000FDF76ABE00000000806B0268D0F8883062
:108D2000D0F88CC09168090658D5212B56D1002166
:108D3000A0F85610016851E8001F026821F0C00138
:108D400042E80013F3B1016851E8001F026821F006
:108D5000C00142E80013002B1FBF016851E8001F4B
:108D6000026821F0C0011CBF42E80013002B09D0AB
:108D7000016851E8001F026821F0C00142E80013B9
:108D8000002BD7D1016851E8021F026821F40001CD
:108D900042E80213F3B1016851E8021F026821F4AE
:108DA000000142E80213002B1FBF016851E8021FB7
:108DB000026821F400011CBF42E80213002B09D015
:108DC000016851E8021F026821F4000142E8021321
:108DD000002BD7D12021C0F888100268916849067D
:108DE00040F18C80BCF1220F40F088800021A0F877
:108DF0005E10016851E8001F026821F4907142E89A
:108E00000013F3B1016851E8001F026821F490716A
:108E100042E80013002B1FBF016851E8001F0268E1
:108E200021F490711CBF42E80013002B09D00168A7
:108E300051E8001F026821F4907142E80013002BF2
:108E4000D7D14FF6FE7CCEF6FF7C026852E8022FA7
:108E5000036802EA0C0243E80221F1B1016851E81B
:108E6000021F026801EA0C0142E80213002B1FBF37
:108E7000016851E8021F026801EA0C011CBF42E8C8
:108E80000213002B09D0016851E8021F026801EAB1
:108E90000C0142E80213002BD7D1C16E012927D162
:108EA000016851E8001F026821F0100142E8001338
:108EB000F3B1016851E8001F026821F0100142E897
:108EC0000013002B1FBF016851E8001F026821F04A
:108ED00010011CBF42E80013002B09D0016851E8C3
:108EE000001F026821F0100142E80013002BD7D1C7
:108EF0002021C0F88C100021C1664167D0F8901085
:108F000041F01001C0F89010FDF76EBD00000000A8
:108F1000C169806BB1F5807F02D1FEF735BE00BF1D
:108F20000021A0F85610016851E8021F026821F0E4
:108F3000800142E80213FBB1016851E8021F026898
:108F400021F0800142E80213002B1FBF016851E8A5
:108F5000021F026821F080011CBF42E80213002BAF
:108F60000AD0016851E8021F026821F0800142E83E
:108F70000213002BD7D100BF016851E8001F02681F
:108F800041F0400142E80013F3B1016851E8001FCD
:108F9000026841F0400142E80013002B1FBF016846
:108FA00051E8001F026841F040011CBF42E8001375
:108FB000002B09D0016851E8001F026841F0400110
:108FC00042E80013002BD7D17047000000000000DA
:108FD000806BFEF7DDBD0000B0F860200168D0F8BE
:108FE0008C30222B40F0A880496A836D114023F811
:108FF000021B8365B0F85E100139A0F85E10B0F86E
:109000005E10002918BF7047016851E8001F026810
:1090100021F4907142E80013F3B1016851E8001F98
:10902000026821F4907142E80013002B1FBF016811
:1090300051E8001F026821F490711CBF42E8001340
:10904000002B09D0016851E8001F026821F49071DB
:1090500042E80013002BD7D1016851E8021F0268D3
:1090600021F0010142E80213F3B1016851E8021F47
:10907000026821F0010142E80213002B1FBF0168C2
:1090800051E8021F026821F001011CBF42E80213EF
:10909000002B09D0016851E8021F026821F001018C
:1090A00042E80213002BD7D12021C0F88C100021F8
:1090B0004167016740F600420168C5F6000291422F
:1090C00002D0496809023DD4C16E012964D1002152
:1090D000C166016851E8001F026821F0100142E8F2
:1090E0000013F3B1016851E8001F026821F010017C
:1090F00042E80013002B1FBF016851E8001F0268FF
:1091000021F010011CBF42E80013002B09D00168B8
:1091100051E8001F026821F0100142E80013002B03
:10912000D7D10168CA69D20601D510220A62B0F807
:109130005C10FDF7B9BB00BF886940F0080088618A
:10914000704700BF016851E8001F026821F080618C
:1091500042E80013002BB7D0016851E8001F0268F5
:1091600021F0806142E80013002B1FBF016851E825
:10917000001F026821F080611CBF42E80013002B31
:10918000A2D0016851E8001F026821F0806142E826
:109190000013002BD6D197E7FEF73EBC000000007D
:1091A0002DE9F04F81B004460268B0F86050D669EE
:1091B00010689168D4F88C30222B55D1B4F868200F
:1091C000002A00F0F28000F4807801F001074FF0EF
:1091D00000094FF0020B4FF0010A03E0B4F85E0003
:1091E000002852D0B00640F1E0802068A16D426AAC
:1091F0002A4021F8022BA165B4F85E100139A4F8C9
:109200005E10C6697107E9D0F20718BFB8F1000F08
:1092100002D1B2070AD412E0C0F820A0D4F89020FE
:1092200042F00102C4F89020B20708D53FB1C0F85F
:1092300020B0D4F8902042F00402C4F89020002915
:1092400008D53FB104210162D4F8900040F002003B
:10925000C4F89000D4F890000028BFD02046FDF755
:10926000C3FBC4F89090B9E7906940F008009061A2
:1092700001B0BDE8F08F00BF206850E8000F216802
:1092800020F4807041E80002EAB1206850E8000F45
:10929000216820F4807041E80002A2B1206850E803
:1092A000000F216820F4807041E80002002A1FBFEF
:1092B000206850E8000F216820F480701CBF41E84E
:1092C0000002002AD8D14FF6FE70CEF6FF7021685A
:1092D00051E8021F2268014042E80213DBB1216815
:1092E00051E8021F2268014042E80213002B1FBF11
:1092F000216851E8021F226801401CBF42E80213A6
:10930000002B08D0216851E8021F2268014042E882
:109310000213002BDBD12020C4F88C0000206067F2
:10932000206740F600412068C5F60001884203D05E
:109330004068000200F19A80E06E012840F0C2808F
:109340000020E066206850E8000F216820F010003F
:1093500041E80002F2B1206850E8000F216820F0D7
:10936000100041E80002002A1FBF206850E8000FEB
:10937000216820F010001CBF41E80002002A09D03B
:10938000206850E8000F216820F0100041E800023A
:10939000002AD7D12068C169C90601D51021016210
:1093A000B4F85C102046FDF77FFAB4F85E000028A0
:1093B00000F09080B4F86810884280F08B802068BC
:1093C00050E8020F216820F0805041E80202F2B11B
:1093D000206850E8020F216820F0805041E8020226
:1093E000002A1FBF206850E8020F216820F080503B
:1093F0001CBF41E80202002A09D0206850E8020F91
:10940000216820F0805041E80202002AD7D148F6B6
:10941000D970C0F600006067206850E8000F21682E
:1094200040F0200041E80002002A53D0206850E8B4
:10943000000F216840F0200041E80002002A1FBF11
:10944000206850E8000F216840F020001CBF41E870
:109450000002002A3ED0206850E8000F216840F04A
:10946000200041E80002002AD6D133E0206850E80D
:10947000000F216820F0806041E80002002A3FF4DC
:109480005BAF206850E8000F216820F0806041E861
:109490000002002A1FBF206850E8000F216820F05A
:1094A00080601CBF41E80002002A3FF445AF2068FD
:1094B00050E8000F216820F0806041E80002002A97
:1094C000D4D139E72046FEF7A7FAB4F85E000028A9
:1094D0007FF470AF01B0BDE8F08F00000000000025
:1094E000B0F860100268D0F88C30222B40F0AA80CF
:1094F000526A836D11401970816D01318165B0F838
:109500005E100139A0F85E10B0F85E10002918BF97
:109510007047016851E8001F026821F4907142E829
:109520000013FBB1016851E8001F026821F490713B
:1095300042E80013002B1FBF016851E8001F0268BA
:1095400021F490711CBF42E80013002B0AD001687F
:1095500051E8001F026821F4907142E80013002BCB
:10956000D7D100BF016851E8021F026821F0010154
:1095700042E80213F3B1016851E8021F026821F0CA
:10958000010142E80213002B1FBF016851E8021FCE
:10959000026821F001011CBF42E80213002B09D030
:1095A000016851E8021F026821F0010142E802133C
:1095B000002BD7D12021C0F88C1000214167016712
:1095C00040F600420168C5F60002914202D04968A7
:1095D00009023DD4C16E012964D10021C166016830
:1095E00051E8001F026821F0100142E80013F3B1B6
:1095F000016851E8001F026821F0100142E80013E1
:10960000002B1FBF016851E8001F026821F0100104
:109610001CBF42E80013002B09D0016851E8001F6D
:10962000026821F0100142E80013002BD7D1016835
:10963000CA69D20601D510220A62B0F85C10FDF7A3
:1096400033B900BF906940F008009061704700BFD7
:10965000016851E8001F026821F0806142E80013B0
:10966000002BB7D0016851E8001F026821F080612B
:1096700042E80013002B1FBF016851E8001F026879
:1096800021F080611CBF42E80013002BA2D00168CA
:1096900051E8001F026821F0806142E80013002BAE
:1096A000D6D197E7FEF7B8B92DE9F04F81B004465F
:1096B0000268B0F86050D66910689168D4F88C30B0
:1096C000222B57D1B4F86820002A00F0F48000F46F
:1096D000807A01F001074FF000084FF0020B4FF0C5
:1096E000010903E0B4F85E00002854D0B00640F150
:1096F000E2802068A16D406A28400870A06D0130AA
:10970000A0652068B4F85E100139A4F85E10C6693F
:109710007107E7D0F20718BFBAF1000F02D1B20704
:109720000AD412E0C0F82090D4F8902042F0010250
:10973000C4F89020B20708D53FB1C0F820B0D4F8E3
:10974000902042F00402C4F89020002908D53FB1CF
:1097500004210162D4F8900040F00200C4F89000A7
:10976000D4F890000028BDD02046FDF73DF9C4F89C
:109770009080B7E7906940F00800906101B0BDE8C3
:10978000F08F00BF206850E8000F216820F480703F
:1097900041E80002EAB1206850E8000F216820F497
:1097A000807041E80002A2B1206850E8000F2168F3
:1097B00020F4807041E80002002A1FBF206850E8B2
:1097C000000F216820F480701CBF41E80002002ACD
:1097D000D8D14FF6FE70CEF6FF70216851E8021F17
:1097E0002268014042E80213DBB1216851E8021F00
:1097F0002268014042E80213002B1FBF216851E894
:10980000021F226801401CBF42E80213002B08D04F
:10981000216851E8021F2268014042E80213002B30
:10982000DBD12020C4F88C0000206067206740F660
:1098300000412068C5F60001884203D0406800025C
:1098400000F19A80E06E012840F0C2800020E066BE
:10985000206850E8000F216820F0100041E8000265
:10986000F2B1206850E8000F216820F0100041E8B4
:109870000002002A1FBF206850E8000F216820F076
:1098800010001CBF41E80002002A09D0206850E8FF
:10989000000F216820F0100041E80002002AD7D113
:1098A0002068C169C90601D510210162B4F85C10B5
:1098B0002046FCF7F9FFB4F85E00002800F0908025
:1098C000B4F86810884280F08B80206850E8020F5E
:1098D000216820F0805041E80202F2B1206850E88F
:1098E000020F216820F0805041E80202002A1FBFC9
:1098F000206850E8020F216820F080501CBF41E82A
:109900000202002A09D0206850E8020F216820F0E6
:10991000805041E80202002AD7D149F2E140C0F666
:1099200000006067206850E8000F216840F02000C8
:1099300041E80002002A53D0206850E8000F216857
:1099400040F0200041E80002002A1FBF206850E8D4
:10995000000F216840F020001CBF41E80002002AEF
:109960003ED0206850E8000F216840F0200041E818
:109970000002002AD6D133E0206850E8000F2168A9
:1099800020F0806041E80002002A3FF45BAF2068CD
:1099900050E8000F216820F0806041E80002002AB2
:1099A0001FBF206850E8000F216820F080601CBFB6
:1099B00041E80002002A3FF445AF206850E8000F5C
:1099C000216820F0806041E80002002AD4D139E704
:1099D0002046FEF721F8B4F85E0000287FF470AF4F
:1099E00001B0BDE8F08F0000F0B583B00446006818
:1099F00046F6F31640F6004E22696569D4E9021373
:109A00000A43E7690168CCF6FF762A4331401143E7
:109A1000C5F6000E394301604168704521F440519C
:109A200044F2544C41EA03014160A2694FF2FF4302
:109A30001CBF216A0A438168C1F2FF131940C5F6B1
:109A4000020C1143816047F6FF32C16AC4F2000282
:109A500021F00F01656A90424FF0800341EA050151
:109A6000C16219DD41F2FF71C4F20101884229DCB3
:109A700047F60041C4F20001884253D041F2000190
:109A8000C4F20101884235D041F20041C4F2010123
:109A900088422FD052E000BF44F6FF31C4F20001EB
:109AA000884233DD44F60041C4F20001884239D0D7
:109AB00045F20001C4F20001884233D047F60001AC
:109AC0002CE000BF41F60001C4F20101884211D030
:109AD00041F60041C4F2010188420BD070452DD1FE
:109AE000DCF8041001F00702062A27D20FF28C31AD
:109AF00022E000BFDCF80010C1F3C202062A1DD22A
:109B000043F25E51C0F6010116E000BF44F200418D
:109B1000C4F20001884205D044F60001C4F20001FD
:109B200088420BD1DCF8001001F00702062A05D2AA
:109B300043F25851C0F601018B181B78704540F66E
:109B40000010C0F23D0000F05380B7F5004F40F028
:109B50007B80402B4FF0010100F28781DFE813F09A
:109B600042000C01850185011001850185018501F7
:109B70001601850185018501850185018501850124
:109B80001E0185018501850185018501850185010C
:109B90008501850185018501850185018501850195
:109BA0002E018501850185018501850185018501DC
:109BB0008501850185018501850185018501850175
:109BC0008501850185018501850185018501850165
:109BD0008501850185018501850185018501850155
:109BE0002C0100BFFCF70CF9002840F0D58038E1CB
:109BF0009A1E01211E2A00F27580DFE812F01F0074
:109C0000360179003601360136017F003601360112
:109C1000360136013601360136018900360136013A
:109C2000360136013601360136013601360136017C
:109C3000360136013601360136019600FBF768F829
:109C4000002840F062800CE1402B4FF0010100F24F
:109C50000C81DFE813F04100CF000A010A01D300B4
:109C60000A010A010A01D9000A010A010A010A01CE
:109C70000A010A010A01E1000A010A010A010A01B6
:109C80000A010A010A010A010A010A010A010A017C
:109C90000A010A010A01F1000A010A010A010A0186
:109CA0000A010A010A010A010A010A010A010A015C
:109CB0000A010A010A010A010A010A010A010A014C
:109CC0000A010A010A010A010A010A010A010A013C
:109CD0000A010A010A01EF00FCF792F8002840F09F
:109CE0009880BEE0402B40F0C0804FF400401CE064
:109CF0006846FBF721F8019838B9B2E06846FBF7EF
:109D0000DFF80198002800F0AC80656A0DE000BF24
:109D10005CF8540C800649F20000C0F2D03004D543
:109D20005CF8541CC1F3C101C84043F2747162680D
:109D3000C0F6010131F81510B0FBF1F002EB420161
:109D400088424FF00101C0F090801303984200F266
:109D50008C80010E0023000210EB520041F1000143
:109D6000F6F760FB4FF60052A0F54071C0F20F020B
:109D7000914274D378E000BFFCF772F860B970E0EC
:109D80006846FAF7D9FF019830B96AE06846FBF7F0
:109D900097F80198002864D0656A0FE05CF8540CCD
:109DA000800649F20000C0F2D03007D55CF8541CA0
:109DB000C1F3C101C84001E04FF4004043F27471A7
:109DC000C0F6010131F81510B0FBF1F061684A08E6
:109DD00002EB40004FF6EF72B0FBF1F0A0F1100182
:109DE000914241D84FF6F0710140C0F3420008445F
:109DF00035E000BFFCF734F858B932E06846FAF7AE
:109E00009BFF019828B92CE06846FBF759F80198A8
:109E100038B3656A10E000BF5CF8540C800649F264
:109E20000000C0F2D03007D55CF8541CC1F3C1016A
:109E3000C84001E04FF4004043F274716268C0F61C
:109E4000010131F81510B0FBF1F000EB5200B0FB4E
:109E5000F2F0A0F110014FF6EF72914204D82168A0
:109E6000C860002101E000BF01214FF00110A06691
:109E70000020C4E91D00084603B0F0BD020408102C
:109E8000204000000000000081650023A0F85C2055
:109E9000A0F85E208168436751B1B1F1805F0BD0BB
:109EA000B1F5805F0CD1016921B940F2FF110AE0E0
:109EB000016939B9FF2106E0016919B13F2102E0CA
:109EC000002100E07F21A0F860100021C0F8901070
:109ED0002221C0F88C10016851E8021FD0F800C0A0
:109EE00041F001014CE802130BB3016851E8021F75
:109EF000D0F800C041F001014CE80213002B1FBF55
:109F0000016851E8021FD0F800C041F001011CBFF8
:109F10004CE80213002B0AD0016851E8021FD0F868
:109F200000C041F001014CE80213002BD3D1416E77
:109F3000B1F1005F03D1B0F86810914240D9816857
:109F4000B1F5805F016907D1002947D049F2E141AD
:109F5000C0F60001416706E049F2E1420029C0F67F
:109F6000000242673FD0016851E8001F026841F4D7
:109F7000907142E80013002B00F0BE80016851E8A8
:109F8000001F026841F4907142E80013002B1FBFCC
:109F9000016851E8001F026841F490711CBF42E85B
:109FA0000013002B00F0A880016851E8001F026830
:109FB00041F4907142E80013002BD4D19CE000BF23
:109FC0008168B1F5805F016938D1002966D049F216
:109FD000A961C0F60001416736E000BF48F6D971BB
:109FE000C0F600014167016851E8001F026841F0B6
:109FF000200142E80013002B7ED0016851E8001FC9
:10A00000026841F0200142E80013002B1FBF0168E5
:10A0100051E8001F026841F020011CBF42E8001314
:10A02000002B69D0016851E8001F026841F020014F
:10A0300042E80013002BD6D15EE000BF49F2A962CE
:10A04000C0F60002426779B3016851E8001F026858
:10A0500041F4807142E8001333B3016851E8001FF6
:10A06000026841F4807142E80013002B1FBF0168B1
:10A0700051E8001F026841F480711CBF42E80013E0
:10A08000002B11D0016851E8001F026841F4807173
:10A0900042E80013002BD7D106E000BF49F2A1111E
:10A0A000C0F60001416700BF016851E8021F026865
:10A0B00041F0805142E80213F3B1016851E8021FF8
:10A0C000026841F0805142E80213002B1FBF016873
:10A0D00051E8021F026841F080511CBF42E80213A0
:10A0E000002B09D0016851E8021F026841F080513D
:10A0F00042E80213002BD7D1002070470000000077
:10A100002DE9F041804600680D46C7693940491B7A
:10A11000B1FA81F14909914225D1069C34B3164622
:10A12000611C29D1C1692940491BB1FA81F1490952
:10A13000B14218D1C1692940491BB1FA81F14909DD
:10A14000B14201BFC1692940491BB1FA81F104BF85
:10A150004909B14207D1C1692940491BB1FA81F1CE
:10A160004909B142DED00020BDE8F081F9F7E8FBF3
:10A170000320BDE8F08100BF1F4607E0C06928400A
:10A18000401BB0FA80F04009B042ECD1F9F7D8FB9F
:10A19000C01BA04200F2B680D8F800000168490751
:10A1A000ECD5402D18BF802DE8D0C169090700F11A
:10A1B000AD80C1690905E1D54FF400610162D8F8AD
:10A1C000000050E8000FD8F8001020F4907041E82B
:10A1D000000222B3D8F8000050E8000FD8F80010B1
:10A1E00020F4907041E80002002A1FBFD8F8000058
:10A1F00050E8000FD8F8001020F490701CBF41E820
:10A200000002002A0BD0D8F8000050E8000FD8F860
:10A21000001020F4907041E80002002ACFD14FF6E0
:10A22000FE70CEF6FF70D8F8001051E8021FD8F883
:10A230000020014042E802130BB3D8F8001051E8A7
:10A24000021FD8F80020014042E80213002B1FBF74
:10A25000D8F8001051E8021FD8F8002001401CBFB8
:10A2600042E80213002B0AD0D8F8001051E8021F70
:10A27000D8F80020014042E80213002BD3D1D8F8CF
:10A280006C0001282FD1D8F8000050E8000FD8F852
:10A29000001020F0100041E8000222B3D8F80000BE
:10A2A00050E8000FD8F8001020F0100041E800023C
:10A2B000002A1FBFD8F8000050E8000FD8F800109F
:10A2C00020F010001CBF41E80002002A0BD0D8F893
:10A2D000000050E8000FD8F8001020F0100041E80E
:10A2E0000002002ACFD12020C8F88C000021C8F835
:10A2F0006C10C8F87410C8F89000032088F8841017
:10A30000BDE8F0810320BDE8F08100BF08210162B3
:10A31000D8F8000050E8000FD8F8001020F4907032
:10A3200041E8000222B3D8F8000050E8000FD8F846
:10A33000001020F4907041E80002002A1FBFD8F8F6
:10A34000000050E8000FD8F8001020F490701CBFF7
:10A3500041E80002002A0BD0D8F8000050E8000FB6
:10A36000D8F8001020F4907041E80002002ACFD104
:10A370004FF6FE70CEF6FF70D8F8001051E8021FBD
:10A38000D8F80020014042E802130BB3D8F80010BF
:10A3900051E8021FD8F80020014042E80213002BC8
:10A3A0001FBFD8F8001051E8021FD8F80020014064
:10A3B0001CBF42E80213002B0AD0D8F8001051E865
:10A3C000021FD8F80020014042E80213002BD3D12D
:10A3D000D8F86C0001282FD1D8F8000050E8000F01
:10A3E000D8F8001020F0100041E8000222B3D8F89D
:10A3F000000050E8000FD8F8001020F0100041E8ED
:10A400000002002A1FBFD8F8000050E8000FD8F85B
:10A41000001020F010001CBF41E80002002A0BD001
:10A42000D8F8000050E8000FD8F8001020F0100015
:10A4300041E80002002ACFD12020C8F88C0000207B
:10A44000C8F86C00C8F874000821C8F8901088F8A3
:10A4500084000120BDE8F08143F24440C2F20000D4
:10A46000FCF7C6BA0000000043F2B030C2F20000B0
:10A47000FCF7BEBA0000000043F2D840C2F2000070
:10A48000FCF7B6BA0000000043F26C50C2F20000C4
:10A49000FCF7AEBA0000000043F22870C2F20000E0
:10A4A000FCF7A6BA0000000070B5D0F8D42200EB8B
:10A4B0008203D3F8C0222AB301F00F0E8C460EEBB4
:10A4C0008E0100EB810151F8184F5CB1D0F8C862E1
:10A4D0000EEBCE0506EB8506F669B4FBF6F505FB3B
:10A4E00016468EB10024C2F81442D3F8C4020369A0
:10A4F00033B1D2F8080202F504716246984700248D
:10A50000204670BD032070BD00240C600022002393
:10A51000614600F0E5FE204670BD0000000000002E
:10A52000B0B50446D0F8D40204EB8000D0F8C05295
:10A5300095B1204600F058FDD4F8D412C5F80C02AD
:10A54000D5F8040204EB8101D1F8C42205F50371AA
:10A55000D26890470020B0BD0320B0BD00000000CD
:10A5600070B58121044600F07BFC012120460025C6
:10A57000258700F075FC82212046A4F8785100F070
:10A580006FFCD4F8D402E56404EB8000D0F8C0126C
:10A5900089B1D0F8C40240688047D4F8D40204F5E9
:10A5A000307656F8200001F093F9D4F8D40246F83A
:10A5B0002050C4F8BC52002070BD00000000000014
:10A5C00010B5D0F8D41200EB8100D0F8C0428CB1A5
:10A5D000D0F8C41259B194F80002FF2807D094F8BB
:10A5E00001228B6821469847FF2084F80002002052
:10A5F00010BD00BF032010BD40F2AC010A22C2F220
:10A600000001028008467047F0B581B040F268074B
:10A610000446C2F200078221384600F029FA0646B5
:10A620000121384600F024FA05468121384600F021
:10A630001FFA002E1CBF1021B171002D1CBF40213C
:10A64000A98000281CBF4021818040F2680043217E
:10A65000C2F20000218001B0F0BD00000000000047
:10A66000F0B581B040F268070446C2F200078221CB
:10A67000384600F0FDF906460121384600F0F8F9A9
:10A6800005468121384600F0F3F9002E1CBF102149
:10A69000B171002D1CBF4FF40071A98000281CBFB0
:10A6A0004FF40071818040F268004321C2F2000043
:10A6B000218001B0F0BD0000F0B581B040F2680724
:10A6C0000446C2F200078221384600F0D1F906465E
:10A6D0000121384600F0CCF905468121384600F0CA
:10A6E000C7F9002E1CBF1021B171002D1CBF4021E5
:10A6F000A98000281CBF4021818040F268004321CE
:10A70000C2F20000218001B0F0BD00000000000096
:10A710002DE9F04104464FF4077001F0DDF8002800
:10A720004AD04FF407710546F5F773FFD4F8D40209
:10A73000217C4027022204EB800000294FF0810198
:10A740004FF00206C0F8C0522046C4F8BC5208BF01
:10A750004FF400773B4600F0CBFC0121022220465B
:10A760003B464FF00108A4F8388000F0C1FC1020EF
:10A77000A4F84E008221032208232046A4F8788101
:10A7800000F0B6FCD4F8D4020027C5F8047204EB3C
:10A790008000A4F84C80D0F8C40200688047C5F857
:10A7A0001472C5F81872D5F80422AAB1207C0121D0
:10A7B00060B140230CE000BFD4F8D402002104EBC8
:10A7C0008000C0F8C0120220BDE8F0814FF4007391
:10A7D000204600F0A1FC00263046BDE8F0810000D4
:10A7E000D0F8D41200EB8101D1F8C01271B180B55C
:10A7F000027C4023002AD1F804224FF0010108BF57
:10A800004FF4007300F088FC002080BD03207047E7
:10A8100041B1D0F8D42200EB8200C0F8C41200206D
:10A82000704700BF03207047D0F8D42200EB8200AD
:10A83000D0F8C00220B1C0F804120020704700BF59
:10A840000320704700000000D0F8D43200EB8300F2
:10A85000D0F8C00230B1C0F80812C0F810220020B1
:10A86000704700BF0320704770B582B00446D0F82F
:10A87000D40200228DF8072004EB8000ADF80420FC
:10A88000D0F8C062002E63D00D46097811F0600246
:10A8900018D0202A58D1EA88002A29D049B2B1F12B
:10A8A000FF3F31DD6878402A86F80002204628BF45
:10A8B0004022314686F8012200F0A2F800263046F8
:10A8C00002B070BD68780B283ED80026DFE800F0A3
:10A8D00008063C3C3C3C3C3C3C3C2A38EFE700BF93
:10A8E00094F89C0203282FD101A9022221E000BF85
:10A8F000D0F8C4126878002200268B682946984751
:10A90000304602B070BD00BFD0F8C41268788B68C2
:10A9100031469847EA8820463146072A28BF072251
:10A9200008E000BF94F89C0203280DD10DF1070147
:10A930000122204600F080F80026304602B070BDAB
:10A9400094F89C020328BAD02046294600F04CF81F
:10A950000326304602B070BDD0F8D41200EB81015E
:10A96000D1F8C03243B1D3F8141200294FF00101DD
:10A9700004D00846704700BF0320704780B5C3F875
:10A9800014128121D3F80822D3F81032C36200F0E8
:10A99000A7FC0021BDE88040084670470000000089
:10A9A00080B5D0F8B82252689047002818BF03201D
:10A9B00080BD000000000000002070470000000083
:10A9C000002070470000000080B513460A460021B1
:10A9D00000F0A2FB002080BD80B513460A4600218E
:10A9E00000F07EFC002080BD10B58021044600F000
:10A9F0003FFC00212046BDE8104000F039BC0000BB
:10AA000080B50323C0F894321346C0F858210A4693
:10AA10000021C0F85C3100F07FFB002080BD000009
:10AA200080B50521C0F8941200210022002300F017
:10AA300073FB002080BD000080B50223C0F8943273
:10AA4000134682610A460021C36100F049FC0020E0
:10AA500080BD00000000000080B50421C0F8941201
:10AA600000210022002300F03BFC002080BD0000FC
:10AA7000B0F802C003789C4538D980B504E000BF27
:10AA800073449AB2624533D290F800E07044427841
:10AA9000052A02D182788A422BD073449AB2624549
:10AAA00026D290F800E070444278052A02D18278DC
:10AAB0008A421ED073449AB2624519D290F800E0DF
:10AAC00070444278052A02D182788A4211D07344B8
:10AAD0009AB262450CD290F800E070444278052AA0
:10AAE000CED182788A42CBD103E000BF00207047EC
:10AAF000002080BD00000000002808BF704710B58E
:10AB00000378ABB100F1020E4FF0000C1EF8013CCF
:10AB100093B19EF800309BB19EF80130A3B19EF82E
:10AB200002300CF1040C0EF1040E002BEED10DE0FE
:10AB30004FF0000C0AE000BF4CF0010C06E000BF33
:10AB40004CF0020C02E000BF4CF0030C5FFA8CFCEE
:10AB5000022303EB4C0313800B7003224A7090F81E
:10AB600000E0BEF1000F30D0023002224FF0000CA6
:10AB7000D3B243F0010401F803E001F804C010F877
:10AB8000013C13B3941CE4B244F0010E0B5501F8E0
:10AB90000EC00378002B1FBF141DE4B244F0010E59
:10ABA0000B551EBF01F80EC04378002B0DD0941D2D
:10ABB0000832E4B244F0010E0B5501F80EC090F8D3
:10ABC00002E00430BEF1000FD2D1BDE81040704762
:10ABD00010B540F2C8740A46C2F2000402A0214631
:10ABE000FFF78AFF204610BD43444320436F6E6643
:10ABF000696700000000000040F2B8001222C2F2B3
:10AC000000000A807047000010B540F2C8740A4680
:10AC1000C2F2000402A02146FFF76EFF204610BDDD
:10AC200043444320496E74657266616365000000A9
:10AC300040F2E0000422C2F200000A8070470000E7
:10AC400010B540F2C8740A46C2F2000402A02146C0
:10AC5000FFF752FF204610BD53544D6963726F6574
:10AC60006C656374726F6E696373000000000000AE
:10AC700010B540F2C8740A46C2F2000402A0214690
:10AC8000FFF73AFF204610BD53544D33322056692A
:10AC9000727475616C20436F6D506F7274000000A8
:10ACA000B0B54EF6000EC1F6F17EDEF80000DEF81B
:10ACB0000830C0184FF01A030B8000F0A3804FF04B
:10ACC000370C010F0CEB1072B0F1204F38BF01F1BF
:10ACD000300240F2E401DEF80430C0F30364C2F253
:10ACE00000014FF0000E8A700201B2F1204F81F88E
:10ACF00003E00CEB127538BF04F13005020281F855
:10AD000005E0C0F303540D710CEB1275B2F1204F46
:10AD100038BF04F13005020381F807E0C0F30344B3
:10AD20008D710CEB1275B2F1204F38BF04F1300574
:10AD3000020481F809E0C0F303340D720CEB1275C4
:10AD4000B2F1204F38BF04F13005020581F80BE065
:10AD5000C0F303248D720CEB1275B2F1204F38BF93
:10AD600004F13005020681F80DE0C0F303140D7301
:10AD70000CEB1275B2F1204F38BF04F13005020719
:10AD800000F00F0000F137048D73B2F1204F81F80D
:10AD90000FE038BF00F13004180FB3F1204F0CEB77
:10ADA00013720C7481F811E038BF00F13002180101
:10ADB00081F813E08A74B0F1204FC3F303620CEB07
:10ADC000107438BF02F13004180281F815E0C3F3A3
:10ADD00003520C750CEB1074B0F1204F4FEA0330A6
:10ADE00038BF02F13004C3F30342B0F1204F0CEB43
:10ADF00010738C7581F817E038BF02F1300381F8C9
:10AE000019E00B7640F2E400C2F20000B0BD000091
:10AE100080B10023C0F8B832C0F8C4320029C0F8AD
:10AE2000D03218BFC0F8B412012180F89C12027011
:10AE300000F0DEB80320704780B5D0F8C802F8F7FC
:10AE40005FFF40F20032C100C0F20132032822FA53
:10AE500001F188BF0321C8B280BD000000000000DE
:10AE600080B5D0F8C802F8F71FFF40F20032C100E9
:10AE7000C0F20132032822FA01F188BF0321C8B2CF
:10AE800080BD000000000000B0B5044681B194F818
:10AE90009C02032827D1D4F8B80242691AB30020D3
:10AEA000C4F8D40220469047002808BF0020B0BD57
:10AEB000D4F89402022810D1D4E90701884215D9A8
:10AEC000431A204611461A46E361FFF785FD00212B
:10AED00000220023204600F01FF994F8A00210B1D0
:10AEE000002084F8A0020020B0BD00BF10D1A169ED
:10AEF00081420DD3D4F89802814209D20021002268
:10AF000020460025FFF768FDC4F89852DFE700BF30
:10AF100094F89C02032808D1D4F8B802C16821B182
:10AF20000020C4F8D402204688478021204600F043
:10AF30009FF92046FFF774FD94F8A0020028CFD1B6
:10AF4000D1E700000000000010B5044681B194F87C
:10AF50009C0203281FD1D4F8B8028269DAB100201C
:10AF6000C4F8D40220469047002808BF002010BD36
:10AF7000D4F8940203280ED1D4E9570398420DD98E
:10AF8000C01AC4F85C019842114638BF03462046F7
:10AF90001A46FFF719FD002010BD00BF94F89C026F
:10AFA000032808D1D4F8B802016921B10020C4F8FF
:10AFB000D402204688472046FFF74EFD002010BDF2
:10AFC0000020704700000000012180F89C12D0F89A
:10AFD000B8223AB180B5017952689047002818BF6D
:10AFE000032080BD00207047D0F8C802F8F7BCBE2F
:10AFF0000178012933D110B542F68061C2F2000117
:10B00000C0F8C812C1F8E0040020C4F204000860CF
:10B01000092008714FF40070C8800220C1F80900AF
:10B020000020C88108740846F9F746FC08B1F5F716
:10B0300023FF42F680644FF40071C2F20004204600
:10B04000F8F79EFD002180222046F8F79DFD0121A2
:10B050004FF4BA722046F8F797FDBDE81040002083
:10B06000704700000000000001F07F02D0F8C80225
:10B0700049B202EBC202002900EB820000F2562224
:10B0800048BF00F116021078704700000000000071
:10B09000D0F8D42200EB8202D2F8B82262B190F844
:10B0A0009C32032B06D1126A22B180B59047002052
:10B0B00080BD00BF002070470320704700000000E3
:10B0C000D0F8D42200EB8202D2F8B82262B190F814
:10B0D0009C32032B06D1526A22B180B590470020E2
:10B0E00080BD00BF002070470320704700000000B3
:10B0F00080B59446D0F8C8021A466346F8F740FE79
:10B1000040F20032C100C0F20132032822FA01F1FC
:10B1100088BF0321C8B280BD80B5D0F8C802F8F757
:10B1200067FE40F20032C100C0F20132032822FA69
:10B1300001F188BF0321C8B280BD000000000000FB
:10B14000F0B581B0012680F89C620025C0F89452C9
:10B1500004464560D0F8B802C4F8A45284F8A0525E
:10B1600040B1426832B10021204690470546002890
:10B1700018BF032500210022402320464027FFF767
:10B18000B7FF8021002240232046A4F86461C4F860
:10B190006071FFF7ADFFA6842846276201B0F0BDBD
:10B1A00090F89C12042903D190F89D1280F89C120B
:10B1B000002070470000000090F89C12032908D17D
:10B1C000D0F8B81229B1C96919B180B58847BDE86E
:10B1D0008040002070470000024600201174704734
:10B1E00080B5D0F8C802F9F707FD40F20032C1007F
:10B1F000C0F20132032822FA01F188BF0321C8B24C
:10B2000080BD000000000000B0B500F2AA25044691
:10B21000284600F079F80120C4F8940294F8AA02B4
:10B22000B4F8B02200F01F01C4F89822022909D016
:10B2300001290DD091B920462946BDE8B04000F063
:10B240009FB800BF20462946BDE8B04000F04CBA88
:10B2500020462946BDE8B04000F0FABA00F080016F
:10B260002046BDE8B04000F003B800000000000038
:10B2700080B5D0F8C802F8F7DBFD40F20032C1001B
:10B28000C0F20132032822FA01F188BF0321C8B2BB
:10B2900080BD00000000000080B5D0F8C802F9F7BA
:10B2A000C7FC40F20032C100C0F20132032822FA8A
:10B2B00001F188BF0321C8B280BD0000000000007A
:10B2C000014690F89C02042803D091F89C0281F872
:10B2D0009D020020042281F89C227047000000009B
:10B2E00080B5D0F8C802F8F7E3FD40F20032C100A3
:10B2F000C0F20132032822FA01F188BF0321C8B24B
:10B3000080BD0000000000000A7802704A78427098
:10B310004A8842808A888280C988C180704700003C
:10B3200010B582B004464FF00000ADF80600B9B188
:10B33000D4F8D40204F52E72C4F8B81252F82000E2
:10B34000C16A21B10DF106008847C4F8D002D4F8D3
:10B35000D8020130C4F8D802002002B010BD00BFEE
:10B36000032002B010BD0000D0F8B82212B112685C
:10B37000104700BF00207047FFF78EBF000000009D
:10B38000B0B582B00D460978044611F0600111D0C5
:10B39000402918BF202940F0DD80D4F8D402294686
:10B3A00004EB8000D0F8B8028268204602B0BDE805
:10B3B000B04010476878092800F2CC80DFE800F040
:10B3C000061CCA30CA3C5CCA788C00BF94F89C0248
:10B3D0000138022800F2BE80E888022840F0BA80D6
:10B3E000D4F8A40203220028214608BF012241F814
:10B3F0000C2F0222FDE000BF94F89C0201380228C5
:10B4000000F2A88068880025012840F0AC80C4F8CC
:10B41000A4522046FFF720FB284602B0B0BD00BF73
:10B420006888022800F08C80012840F09380012079
:10B43000C4F8A40212E100BFA888002840F08A8066
:10B44000E888002840F0868068887F2800F28280A3
:10B4500094F89C12032900F07D80C5B284F89E0206
:10B4600020462946FFF7BCFE2046FFF7F5FA002DDF
:10B4700000F0308102202EE168884FF0FF31002279
:10B48000ADF8062001EB10210E2900F2B980DFE8AB
:10B4900001F0096D7BB7B78791B7B7B7B7B7B7B743
:10B4A0009D0000BFD4F8B412207C0A6893E000BF6E
:10B4B000E88801284ED194F89C02411E022943D20B
:10B4C000214601222046002541F8085FFFF7B4FA23
:10B4D000284602B0B0BD00BF688840F2C475C2F211
:10B4E000000510F0FE0F28700CD080212046FFF7D9
:10B4F000BFFE00212046FFF7BBFE0325284602B011
:10B50000B0BD00BFC1B294F89C22032A00F0848031
:10B51000022A40F0AB80002900F0A0802046616044
:10B52000FFF722FF002800F0BB800546802120465F
:10B53000FFF79EFE00212046FFF79AFE87E000BF3E
:10B54000687984F8A00289E0032803D1211D012233
:10B550004FE000BF80212046FFF78AFE00212046F1
:10B560000025FFF785FE284602B0B0BD207C0028EC
:10B57000D4F8B8020CBF816AC16A0DF10600884791
:10B580000146022020E000BFC0B2052838D8DFE81D
:10B5900000F0038D9195999DD4F8B402426818E0AB
:10B5A000207C68BBD4F8B802416B0DF106008847D7
:10B5B00014E000BF207C18BBD4F8B802016B0DF179
:10B5C0000600884701460720487008E0D4F8B40216
:10B5D000C269AAB1207C0DF1060190470146EA88B4
:10B5E000E2B3BDF8060058B1904238BF0246ADF84C
:10B5F00006202046FFF720FA0025284602B0B0BDFD
:10B6000080212046FFF734FE00212046FFF730FE60
:10B610000025284602B0B0BDC1B3606888421DD085
:10B62000C1B22046FFF7BCF9297820466160FFF7D8
:10B630009BFE98B1054680212046FFF719FE0021A8
:10B640002046FFF715FE21792046FFF7A9F90220D1
:10B6500084F89C02284602B0B0BD00BF2046FFF728
:10B66000FBF90025284602B0B0BD00BF802120466E
:10B67000FFF7FEFD00212046FFF7FAFD297820465E
:10B68000FFF78EF90325284602B0B0BD022084F8EA
:10B690009C026160002120460025FFF781F9B8E691
:10B6A0002046FFF7D9F9032015E000BFD4F8B40213
:10B6B00082688EE7D4F8B402C2688AE7D4F8B4028C
:10B6C000026986E7D4F8B402426982E7D4F8B4028A
:10B6D00082697EE7012084F89C020025284602B09A
:10B6E000B0BD00000000000070B50E4609780446A9
:10B6F000357911F060010BD0402918BF202940F0A6
:10B70000938020462946FFF757F9E8B1002070BD25
:10B71000707838B3012843D0032840F0858094F82E
:10B720009C02032840D1708840B915F07F0005D0F5
:10B73000F08818B920462946FFF79AFD2046FFF702
:10B740008BF9002070BD00BFD4F8B80282680020D9
:10B75000002AC4F8D402D9D020463146BDE8704052
:10B76000104700BF94F89C0203282BD0022808BF82
:10B770005FEA456058D115F080004FF0140008BF13
:10B780004FF4AA7004F114014FF0000208BF04F551
:10B79000AA71225002222046FFF74EF9002070BD08
:10B7A00094F89C02032819D002283DD168063BD0AA
:10B7B00020462946FFF75CFD80212046FFF758FD13
:10B7C000002070BD05F00F00802D00EB800004EB21
:10B7D000800011D2B0F864010FE000BF708800282B
:10B7E0007FF494AF680603D020462946FFF724FB78
:10B7F0002046FFF731F984E7808CA8B105F07F007F
:10B80000802D00EB800004EB800000F1140638BFAF
:10B8100000F5AA76680611D020462946FFF724FCD9
:10B82000002818BF01200AE080212046FFF720FDF4
:10B8300000212046FFF71CFD002070BD0020306075
:10B84000022220463146FFF7F7F8002070BD0000C5
:10B85000B0B50D460978044611F0600118BF4029C3
:10B8600010D194F89C02013802280DD8A88810F055
:10B87000FE0F09D1C1B22046FFF7A2F880B1032024
:10B88000B0BD00BF2029ECD080212046FFF7F0FC9E
:10B89000002120460025FFF7EBFC2846B0BD00BF85
:10B8A000D4F8B8028268002AE9D00020C4F8D40293
:10B8B000204629469047E9880546002908BF002D03
:10B8C000EBD12046FFF7C8F80020B0BD0000000013
:10B8D000704700000000000040F6C810C2F20000EF
:10B8E000704700000000000010B50A784B78D0F8CF
:10B8F0001CC802F00F044FEA421E012B1AD101238B
:10B9000003FA04F400EB0E0344EA0C04C0F81C48EC
:10B91000D3F8000900042AD403F510600B79896874
:10B920006FF3DF21046841EA834144EA8252114304
:10B9300018E000BF4FF4803202FA04F300EB0E026D
:10B9400043EA0C03C0F81C38D2F8000B00040ED4F4
:10B950000B7902F5306089686FF3DF21026841EAF4
:10B960008341114341F0805141F4004101600020C6
:10B9700010BD0000000000000146D0F8000940F2B0
:10B98000FF729043C1F80009D1F80428002042F466
:10B990008072C1F80428704782B002F47F42B2F589
:10B9A000807F40F08180836B4FF6BF7223F4803339
:10B9B0008363DDF808C0C368CFF6BD721A40C26069
:10B9C0005FFA8CF2C368012A23F44012C26003D1EB
:10B9D000C26842F48012C26000220092009A0132D2
:10B9E0000092009AB2F1706F00F2C4800269002ADE
:10B9F00021D4009A01320092009AB2F1706F00F2E5
:10BA0000B9800269002A16D4009A01320092009A85
:10BA1000B2F1706F00F2AE800269002A0BD4009A76
:10BA200001320092009AB2F1706F00F2A3800269B5
:10BA3000B2F1FF3FD2DC00220092026942F0010223
:10BA40000261009A01320092009AB2F1706F00F226
:10BA500091800269D2071ED0009A01320092009AAA
:10BA6000B2F1706F00F286800269D20713D0009A9B
:10BA700001320092009AB2F1706F7BD80269D2074E
:10BA800009D0009A01320092009AB2F1706F71D819
:10BA90000269D207D5D1002201F47F01B1F5803FC0
:10BAA00040F08E807BE000BFC26842F04002C2607E
:10BAB00000220192019A01320192019AB2F1706F53
:10BAC00060D80269002A1ED4019A01320192019ABB
:10BAD000B2F1706F56D80269002A14D4019A01326B
:10BAE0000192019AB2F1706F4CD80269002A0AD40F
:10BAF000019A01320192019AB2F1706F42D8026943
:10BB0000B2F1FF3FD6DC00220192026942F001024D
:10BB10000261019A01320192019AB2F1706F31D83B
:10BB20000269D2071DD0019A01320192019AB2F145
:10BB3000706F27D80269D20713D0019A013201929F
:10BB4000019AB2F1706F1DD80269D20709D0019A2B
:10BB500001320192019AB2F1706F13D80269D207D3
:10BB6000D7D1002213F47F4F836B10D143F480337D
:10BB70000FE000BF032201F47F01B1F5803F1FD128
:10BB80000DE000BF032213F47F4F836BEED023F44C
:10BB90008033836301F47F01B1F5803F10D1C16D23
:10BBA00089B2C165C16D41F0007141F0F771C165A5
:10BBB000816841F006018160816841F02001816067
:10BBC000104602B07047000080B54A780978012A13
:10BBD0004FEA41122AD1024447F6000CCEF6334C0C
:10BBE0004FF0010ED2F8003902F51062B3F1FF3FB9
:10BBF00007DC136843F000631360136843F080436D
:10BC0000136001F00F01D0F83C380EFA01F18B43BC
:10BC1000C0F83C38D0F81C3823EA0101C0F81C18E1
:10BC20001168002001EA0C01116080BD831847F6FD
:10BC3000000C03F53062CEF6334CD3F8003B0CF128
:10BC4000707CB3F1FF3F4FF4803EDADCD1E70000B7
:10BC50000146D0F8000E20F00300C1F8000E0020CD
:10BC6000D1F8042822F00202C1F80428704700002D
:10BC70000146D0F8000E20F00300C1F8000E0020AD
:10BC8000D1F8042842F00202C1F8042870470000ED
:10BC90002DE9F04F85B0C3F307489146B8F1000F86
:10BCA0008A464FF00007C0F80471C0F80871C0F868
:10BCB0000C71C0F81071C0F81471C0F81871C0F898
:10BCC0001C71C0F82071C0F82471C0F82871C0F848
:10BCD0002C71C0F83071C0F83471C0F83871C0F8F8
:10BCE0003C7105D000F138024FF4001310E000BFA2
:10BCF000D0F80428802342F00202C0F80428826BA6
:10BD000022F400128263026842F04002026002469E
:10BD100017683B4309F47F471360B7F5807F4FF006
:10BD20000002C0F8002E07D1B2EB1A6FD0F800283D
:10BD300006D042F0010203E0D0F8002842F00302EE
:10BD4000C0F8002800220392039A01320392039A5A
:10BD5000B2F1706F50D80269002A1ED4039A0132E2
:10BD60000392039AB2F1706F46D80269002A14D484
:10BD7000039A01320392039AB2F1706F3CD80269C0
:10BD8000002A0AD4039A01320392039AB2F1706F27
:10BD900032D80269B2F1FF3FD6DC002203924FF4A1
:10BDA00084620261039A01320392039AB2F1706FC6
:10BDB00022D8026992061DD5039A01320392039A92
:10BDC000B2F1706F18D80269920613D5039A013246
:10BDD0000392039AB2F1706F0ED80269920609D5E8
:10BDE000039A01320392039AB2F1706F04D8026988
:10BDF0009206D7D4002600E0012600220492049A7D
:10BE000001320492049AB2F1706F4FD80269002A8D
:10BE10001ED4049A01320492049AB2F1706F45D88C
:10BE20000269002A14D4049A01320492049AB2F1ED
:10BE3000706F3BD80269002A0AD4049A0132049236
:10BE4000049AB2F1706F31D80269B2F1FF3FD6DCCB
:10BE50000022049210220261049A01320492049A90
:10BE6000B2F1706F22D80269D20620D5049A01324D
:10BE70000492049AB2F1706F18D80269D20616D5EE
:10BE8000049A01320492049AB2F1706F0ED80269DA
:10BE9000D2060CD5049A01320492049AB2F1706F62
:10BEA00004D80269D206D7D401E000BF01265FFAA8
:10BEB0008AF44FF0000B002CC0F810B8C0F814B88A
:10BEC000C0F81CB800F00581D0F800294FF00065DB
:10BED000B4F1010E4FF67F3105EA1212C0F80029C5
:10BEE000C0F810B9C0F8081978D0A21E5146032A2C
:10BEF0000EF0030A029605D20122BAF1000F3FD1DB
:10BF000066E000BFCDE900892EF0030700F5186652
:10BF100000234FF0904C4FF67F38002256F8609C7B
:10BF200004320CEAE97546F8605C46F8503C9742EA
:10BF300046F8588C56F8405C0CEAE57546F8405CCB
:10BF400046F8303C46F8388C56F8205C0CEAE5752B
:10BF500046F8205C46F8103C46F8188C35680CEA28
:10BF6000E57535603361C6F8088006F18006D5D1E5
:10BF700001324FF00065DDE90089BAF1000F27D0EA
:10BF800000F51067560107EB42124FF0904CBB5979
:10BF9000BAF1010F0CEAE373BB514FF000074FF603
:10BFA0007F361761966013D0136ABAF1020F0CEA5C
:10BFB000E3731362176396620AD0136C4FF09047D5
:10BFC00007EAE3731364002313654FF67F3393642A
:10BFD000002C8A46029E4FF67F317AD0D0F8002B93
:10BFE000BEF1000F05EA1212C0F8002B4FF000025C
:10BFF000C0F8102BC0F8081B6BD0A21E0EF0030C6B
:10C00000032A05D20122BCF1000F3BD161E000BF41
:10C0100002962EF0030500F5386600234FF0904796
:10C020004FF67F32002400BF56F8601C043407EA44
:10C03000E17146F8601C46F8503CA54246F8582C81
:10C0400056F8401C07EAE17146F8401C46F8303CBF
:10C0500046F8382C56F8201C07EAE17146F8201CF7
:10C0600046F8103C46F8182C316807EAE171316057
:10C070003361B26006F18006D6D1621C029EBCF12B
:10C08000000F26D000F53061570101EB4212354612
:10C09000CE594FF0904303EAE676CE512E46002467
:10C0A000BCF1010F4FF67F351461956011D0116A14
:10C0B000BCF1020F03EAE17111621463956208D0CA
:10C0C000116C03EAE1711164002111654FF67F31B3
:10C0D0009164D0F810181AF47F0F21F48071C0F821
:10C0E0001018C0F818B06FF08041416103D1816928
:10C0F00041F01001816143F600028169C8F23C02FF
:10C1000019F47F0F41EA0201816103D0816941F096
:10C1100008018161B8F1010F05D1816941F08041C9
:10C1200041F004018161304605B0BDE8F08F0000A8
:10C1300001468268002022F001028A6070470000F8
:10C1400043F20B03D0F840C0C4F654739C4503D3AC
:10C15000D0F8003B002B1ED40023C0F8103BD0F8D1
:10C16000103B012943F40023C0F8103BD0F8103BEA
:10C1700043F01803C0F8103BD0F8103B43F0C04127
:10C18000C0F8101B07D1C0F8142BD0F8001B41F0E9
:10C190008021C0F8001B0020704700000000000054
:10C1A0004A780B78012A4FEA431210440ED1D0F896
:10C1B000002922F40012C0F80029097901F0FE01DB
:10C1C000022914D100F510600DE000BFD0F8002B5B
:10C1D00022F40012C0F8002B097901F0FE010229B7
:10C1E00005D100F53060016841F080510160002008
:10C1F00070470000000000000A784B785101012BC5
:10C20000084407D1D0F80019002900F5106107D5BE
:10C210000CE000BFD0F8001B002900F5306105D408
:10C22000002A1EBF086820F0804008600A680020CD
:10C2300042F400120A607047F0B54B7891F800C0E4
:10C24000012B2DD100EB4C1E0D69002D0EF5106356
:10C25000DEF810494ED06FF312041C611C69BCF16A
:10C26000000F6FF3DC441C618E6800F0C980AC19CC
:10C270001F69013CB4FBF6F40026C1F6F87606EA25
:10C28000C4463E431E610E79012E40F0C6804FF039
:10C29000C0471E6907EA447426F0C0461E61B9E033
:10C2A00000EB4C17BCF1000FD7F8103B6FF31203F3
:10C2B000C7F8103BD7F8106B07F530636FF3DC4617
:10C2C000C7F8106B8C680E696CD0002E6ED03719D1
:10C2D000013FB7FBF4F7BEB2744300260C62C1F60F
:10C2E000F87606EAC7471E696FF3DF4437431F61DC
:10C2F00063E000BF6FF3DC441C611C69002544F45B
:10C3000000241C611C696FF31204012A1C6100F0F7
:10C310008D8000F510634FEA4C141F5947F0044715
:10C320001F510F79012F61D1D0F80878FF054FF028
:10C33000805758BF4FF00057E658002A46EA0702D8
:10C34000E25040F08D80AAB2002A00F08980D61C0D
:10C350004FF0FF32C96800F5805002EB96034FEAB8
:10C360000C32032BC6F381030ED3B70827F0030466
:10C370000F6817504F6817508F681750CF68043CEC
:10C3800001F110011750F3D1002B69D0012B0F6878
:10C39000875065D0022B4B68835061D089688150EB
:10C3A0000020F0BD002E18BF0C610C626FF3DF445B
:10C3B0001F6927431F614FF400241F69012A47EAC0
:10C3C00004021A6103D1CA68002A18BF5A610979A8
:10C3D000012940D1D0F80808C0054FF0805058BF5F
:10C3E0004FF000501968084334E000BFC5B30CF0AB
:10C3F0000F01012202FA01F100F634032DE000BF23
:10C40000B54205D90E614FF40024354602E000BF65
:10C410004FF400241E6934431C612C461E696FF3DF
:10C42000DF443443012A1C617FF473AFCA69002AD8
:10C4300018BFCEF81429097901290CD1D0F80808C1
:10C44000C005DEF8000903D440F0005002E000BF50
:10C4500040F0805018604FF004411868084318609D
:10C460000020F0BD0000000081B0002200924A7858
:10C470000978012A4FEA41113AD100F5106250586B
:10C48000B0F1FF3F3ADC885842F2107340F0006090
:10C490008850885840F080408850009801300090C3
:10C4A0000098984264D85058B0F1FF3F26DC0098BD
:10C4B00001300090009898425AD85058B0F1FF3F90
:10C4C0001CDC0098013000900098984250D85058D9
:10C4D000B0F1FF3F12DC00980130009000989842C4
:10C4E00046D85058B0F1FF3F4FF00000D5DD3CE09A
:10C4F00000F530625058B0F1FF3F03DD002001B07D
:10C50000704700BF885842F2107340F000608850B6
:10C51000885840F080408850009801300090009882
:10C52000984225D85058B0F1FF3FE7DC0098013021
:10C530000090009898421BD85058B0F1FF3FDDDCC6
:10C540000098013000900098984211D85058B0F1EE
:10C55000FF3FD3DC0098013000900098984207D844
:10C56000505800284FF00000D6D401B0704700BFEB
:10C57000012001B07047000001468268002042F0AF
:10C5800001028A607047000081B000220092009A88
:10C5900001320092009AB2F1706F51D80269002AFC
:10C5A0001ED4009A01320092009AB2F1706F47D8FF
:10C5B0000269002A14D4009A01320092009AB2F162
:10C5C000706F3DD80269002A0AD4009A01320092A5
:10C5D000009AB2F1706F33D80269B2F1FF3FD6DC36
:10C5E00089010022009220310161009901310091FE
:10C5F0000099B1F1706F23D8016989061DD50099A2
:10C60000013100910099B1F1706F19D80169890663
:10C6100013D50099013100910099B1F1706F0FD8D5
:10C620000169890609D50099013100910099B1F19C
:10C63000706F05D801698906D7D4002001B0704712
:10C64000032001B070470000D0F8081888074FF0A9
:10C65000020001F0060158BF0F20002908BF08465C
:10C660007047000000000000406900F001007047C2
:10C67000D0F81818D0F81C08084080B270470000A5
:10C68000D0F81818D0F81C080840000C70470000BB
:10C69000D0F810C8D0F8343801F00F0200EB411088
:10C6A00023FA02F2D201D0F80809D1B241EA0C0112
:10C6B000084070470000000000EB4111D1F8081B52
:10C6C000D0F81408084070474169806908407047F5
:10C6D00010B5930802F0030E2CD05A1E03F0030C81
:10C6E000032A0FD323F003034FF4805284580C60C5
:10C6F00084584C6084588C608458043BCC6001F1B1
:10C700001001F3D1BCF1000F14D04FF480520B464E
:10C71000BCF1010F845843F8044B05D11946BEF112
:10C72000000F0AD12AE000BFBCF1020F82584A6014
:10C730001CD10831BEF1000F20D04FF48052BEF161
:10C74000010F80580A4602F8010B01D1104610BDB6
:10C75000BEF1020F4FEA10224A7001D1881C10BDB1
:10C76000000C88700331084610BD00BF4FF48052A2
:10C7700082588A600C31BEF1000FDED1084610BD30
:10C78000B0B50446C068002920F0C040E06000F069
:10C790009980012940F0B080E0680A2540F00050FF
:10C7A000E0600A20F6F7A0F854F8140FC00740F034
:10C7B0009C800A20F6F798F82068C00740F09E8019
:10C7C0000A20F6F791F82068C00740F0A5800A20FB
:10C7D000F6F78AF82068C00740F0AC800A20F6F728
:10C7E00083F82068C00740F0B3800A20F6F77CF891
:10C7F0002068C00740F0BA800A20F6F775F8206874
:10C80000C00740F0C1800A20F6F76EF82068C00724
:10C8100040F0C8800A20F6F767F82068C00740F0AB
:10C82000CF800A20F6F760F82068C00740F0D68075
:10C830000A20F6F759F82068C00740F0DD800A208A
:10C84000F6F752F82068C00740F0E4800A20F6F7B7
:10C850004BF82068C00740F0EB800A20F6F744F858
:10C860002068C00740F0F2800A20F6F73DF8206803
:10C87000C00740F0F9800A20F6F736F82068C007B4
:10C8800040F000810A20F6F72FF82068C00740F03A
:10C8900007810A20F6F728F82068C00740F00E81CB
:10C8A0000A20F6F721F82068C00740F016810A2018
:10C8B000F6F71AF8C8252068A5F1C800B0FA80F08C
:10C8C0004009B0BDE0680A2540F08040E0600A20E1
:10C8D000F6F70AF854F8140FC00706D00A20F6F746
:10C8E00003F82068C00711D11425A5F1C800B0FADB
:10C8F00080F04009B0BD00BF0120B0BD1425A5F1F6
:10C90000C800B0FA80F04009B0BD00BF0A20F5F7BA
:10C91000EBFF2068C00707D11E25A5F1C800B0FABB
:10C9200080F04009B0BD00BF0A20F5F7DDFF2068A8
:10C93000C00707D12825A5F1C800B0FA80F040094A
:10C94000B0BD00BF0A20F5F7CFFF2068C00707D1B0
:10C950003225A5F1C800B0FA80F04009B0BD00BF93
:10C960000A20F5F7C1FF2068C00707D13C25A5F1D3
:10C97000C800B0FA80F04009B0BD00BF0A20F5F74A
:10C98000B3FF2068C00707D14625A5F1C800B0FA5B
:10C9900080F04009B0BD00BF0A20F5F7A5FF206870
:10C9A000C00707D15025A5F1C800B0FA80F04009B2
:10C9B000B0BD00BF0A20F5F797FF2068C00707D178
:10C9C0005A25A5F1C800B0FA80F04009B0BD00BFFB
:10C9D0000A20F5F789FF2068C00707D16425A5F173
:10C9E000C800B0FA80F04009B0BD00BF0A20F5F7DA
:10C9F0007BFF2068C00707D16E25A5F1C800B0FAFB
:10CA000080F04009B0BD00BF0A20F5F76DFF206837
:10CA1000C00707D17825A5F1C800B0FA80F0400919
:10CA2000B0BD00BF0A20F5F75FFF2068C00707D13F
:10CA30008225A5F1C800B0FA80F04009B0BD00BF62
:10CA40000A20F5F751FF2068C00707D18C25A5F112
:10CA5000C800B0FA80F04009B0BD00BF0A20F5F769
:10CA600043FF2068C00707D19625A5F1C800B0FA9A
:10CA700080F04009B0BD00BF0A20F5F735FF2068FF
:10CA8000C00707D1A025A5F1C800B0FA80F0400981
:10CA9000B0BD00BF0A20F5F727FF2068C00707D107
:10CAA000AA25A5F1C800B0FA80F04009B0BD00BFCA
:10CAB0000A20F5F719FF2068C00707D1B425A5F1B2
:10CAC000C800B0FA80F04009B0BD00BF0A20F5F7F9
:10CAD0000BFF2068C0077FF4EAAEBE25A5F1C800B1
:10CAE000B0FA80F04009B0BD0246D0F8000820F44A
:10CAF000FE6001F07F01C2F800080020D2F8003883
:10CB000043EA0111C2F8001870470000000000005D
:10CB1000022A02465FD145F2403043F20053CFF67D
:10CB20002770C0F20C030844984203D24FF47051AE
:10CB300053E000BF41F6406044F24023CFF61B7043
:10CB4000C0F20F030844984202D24FF4605144E00F
:10CB5000A1F5740044F68073A0F51050C0F21203E2
:10CB6000984203D24FF4505137E000BFA1F18370D7
:10CB70004DF22063A0F5E740C0F21303984203D2C0
:10CB80004FF4405129E000BF4BF260604EF2603339
:10CB9000CFF6E560C0F216030844984202D24FF483
:10CBA00030511AE04DF2003047F24073CFF6CE60BC
:10CBB000C0F21B030844984202D24FF420510CE00B
:10CBC00045F6C03049F2C013CFF6B360C0F221037E
:10CBD000084498420AD24FF41051D06820F47050A3
:10CBE000D060D36800201943D1607047A1F1B770BD
:10CBF00047F22053A0F55850C0F23803984203D2B0
:10CC00004FF40051E9E700BF45F2E04049F6E04348
:10CC1000CFF65960C0F2410308444FF4C051984226
:10CC200038BF4FF4E051D8E780B5DDF808C0BCF15B
:10CC3000000F33D193B303334FF0FF3C00F5805E18
:10CC400012030CEB930CBCF1030FC3F3810C13D351
:10CC50009B0823F0030300BF086842F80E004868F1
:10CC600042F80E00886842F80E00C868043B01F1E3
:10CC7000100142F80E00EFD1BCF1000F0ED0BCF154
:10CC8000010F08684EF8020008D0BCF1020F486896
:10CC90004EF8020002D088684EF80200002080BDE5
:10CCA000FEE700000000000010B52DED048B44F6F7
:10CCB0006C10C2F2000000F04FFF9FED538A42F665
:10CCC000A0449FED529AB0EE480AF0EE490A43F6AE
:10CCD000D030C2F20004C2F200004FF4017142F2FF
:10CCE0001073224602F0D0FDB0EE480AF0EE490A79
:10CCF00043F6286040F20121C2F2000042F21073B4
:10CD0000224602F0C1FDB0EE480AF0EE490A43F6B1
:10CD1000781040F20321C2F2000042F21073224662
:10CD200002F0B2FDB0EE088A9FED399A42F6405407
:10CD3000F0EE490AB0EE491AF0EE491AB0EE480A90
:10CD4000B0EE492A44F67010C2F20004C2F20000AC
:10CD500040F601111523224602F0C2F8B0EE480A4F
:10CD6000F0EE490AB0EE491AF0EE491AB0EE492A3F
:10CD700044F6C820C2F2000040F6021115232246F4
:10CD800002F0AEF8B0EE480AF0EE490AB0EE491AE9
:10CD9000F0EE491AB0EE492A44F62040C2F20000F3
:10CDA00040F603111523224602F09AF842F2E810E9
:10CDB000C2F2000001F084FB0021C0F8381243F6F3
:10CDC0009001C0F6010101F1080202605431C0F87F
:10CDD0001C1200F50F7002F0AFFE42F22C4043F23D
:10CDE0006C52C2F20000C2F200020021002300F0E7
:10CDF000AFF944F2D0500521C2F20000BDEC048B23
:10CE0000BDE8104000F0B4BD9B72DF4200401C46FC
:10CE10000000000000000000F0B5A3B06D4604461D
:10CE200005F1480600208DF8000040218DF8030030
:10CE3000ADF804003046F3F7ECFBD4F838010022DB
:10CE40000023294603F0A0FE10B123B0F0BD00BFBF
:10CE500040F200079DF80050C2F200474FF6FC3048
:10CE600038809DF80300B870FD7025B1381D31463B
:10CE70002A46F3F794FB94F83D0138B13046294631
:10CE8000F3F726FD9DF8005001E000BF0020E919EE
:10CE9000020A4FF6FD63ADF888004A7194F85D21EF
:10CEA000CB800871012A05F108010BD0002ACCD1F2
:10CEB000CAB240F200016068C2F20041FAF7F8FD20
:10CEC00023B0F0BD40F20000C2F20040F3F7E4FCF2
:10CED00023B0F0BD000000002DE9F04182B004460F
:10CEE00090F84401082800F21F81DFE800F00511E6
:10CEF0001D2531454D556100FC2956D1012084F88E
:10CF00004401FC2084F8210002B0BDE8F08100BF9C
:10CF1000FB2940F00981022084F84401FB2084F8B9
:10CF2000220002B0BDE8F08184F82310032084F8C9
:10CF3000440102B0BDE8F08184F82010002084F89C
:10CF40003C01042084F8440102B0BDE8F08100BF38
:10CF5000204610F8202F90F81C315F1C0344FEB2CD
:10CF600080F81C71964299711FD3052084F8440102
:10CF700002B0BDE8F08100BF84F8A810062084F854
:10CF8000440102B0BDE8F08184F8A910072084F8BC
:10CF9000440102B0BDE8F081FD2940F0C5800820C1
:10CFA00084F84401FD2084F8AA0002B0BDE8F081B5
:10CFB000FE2940F0B98094F83D0194F82010002833
:10CFC0004FF0FE0084F8AB0061D004F12600F3F7C7
:10CFD0007FFCB4F8A810A084884252D194F82010A5
:10CFE00071B3042901F0030002D2002112E000BF56
:10CFF00001F0FC020021661804318A42D6F826703E
:10D0000007D063180431B7668A42D3F826701E46EB
:10D01000F7D1B766A0B1631804F16802012893F84C
:10D02000263053540CD04B1C022804EB030797F80E
:10D030002670D75404D0881C211891F8261011545A
:10D04000D4F84011012919DB04F1680504F5A4782E
:10D05000002702E001378F4210DA58F82700002835
:10D06000F8D0016894F8202094F823300E680092DC
:10D0700029462A46B047D4F84011EBE7002084F84F
:10D08000440194F83D0100284ED194F8201069B372
:10D09000042901F0030001D2002111E001F0FC029B
:10D0A0000021661804318A42D6F8267007D063182A
:10D0B0000431B7668A42D3F826701E46F7D1B766A8
:10D0C000A0B1631804F16802012893F82630535484
:10D0D0000CD04B1C022804EB030797F82670D7549A
:10D0E00004D0881C211891F826101154D4F840114E
:10D0F000012919DB04F1680504F5A478002702E092
:10D1000001378F4210DA58F827000028F8D001685C
:10D1100094F8202094F823300E68009229462A467D
:10D12000B047D4F84011EBE7002084F8440102B086
:10D13000BDE8F0810000000010B5044605208C21F8
:10D14000002203F069FDC4F8380110BD00000000A2
:10D15000F0B581B00D4611462A461E46044600F041
:10D16000A3FD3020207443F28C700027C0F601002C
:10D17000C4F8117000F1080121602030E06004F172
:10D1800068004021C4F81570C4F81970E76184F88C
:10D19000207084F82370A784F3F73BFA04F1F400BD
:10D1A000402184F8AC7084F8AF70A4F8B070F3F745
:10D1B00030FA84F83C71204684F83D61C4F840712F
:10D1C00084F8447184F85C7184F85D5101B0F0BD5D
:10D1D0004FF4B07103F0EFB9704700000000000099
:10D1E000C0E92D130199C0F8BC10C0F8A420009923
:10D1F000C0F8A8100299C0F8AC10704700000000F9
:10D2000010B52DED0A8B044690F88000B0EE418AEF
:10D21000B0EE609AB0EE40AA052867D0032873D11B
:10D220003AEE49BA94ED240A94ED251A9FED38CAD6
:10D2300031EE000A94ED232AB0EE4B1A22EE0C2AAE
:10D24000D4F8A400A8EE401ABBEE0E0A01684968A3
:10D2500021EE000A80EE020A884739EE0A9A94ED20
:10D26000240A94ED251AB3EE0EAA31EE000AD4F882
:10D27000A800B0EE491A016898EE001A94ED230A4E
:10D2800020EE0C0A496821EE0A1A81EE000A88474E
:10D2900094ED240A94ED251A31EE000AD4F8AC007E
:10D2A0000168A8EE00BA94ED230A20EE0C0A496842
:10D2B0002BEE0A1A81EE000A884794ED240A94EDB9
:10D2C000251A31EE000AD4F8B0000168A8EE009AE1
:10D2D00094ED230A20EE0C0A496829EE0A1A81EE21
:10D2E000000ABDEC0A8BBDE8104008472046B0EEAE
:10D2F0004A0AF0EE490AB0EE481ABDEC0A8BBDE8C6
:10D30000104000F06DB900BFBDEC0A8B10BD00BF2E
:10D31000DA0F494000000000B0B52DED088B82B057
:10D32000044690F88100092800F26F80DFE800F0E1
:10D33000061424566D6D66726DE000BF94F882107D
:10D340000020E061032920620190009040F0EC8011
:10D3500094ED0E1A09E100BF94F8820094ED078A5B
:10D3600094ED089A002103280191009140F0088172
:10D3700094ED0E1A25E100BF684694ED09AA94EDDC
:10D380000ABA02F0D9FBD4F888000168096A884714
:10D3900003F038F9D4F88800B0EE408A0168096AD1
:10D3A000884703F0EDF92BEE000AD4F88800AAEEC6
:10D3B000080A8DED000A0168096A884703F022F91E
:10D3C000D4F88800B0EE409A0168096A884703F0F3
:10D3D000D7F92AEE408AABEE098A56E0D4F88800E5
:10D3E00004F5847501684968884794ED0B1AD4EDFB
:10D3F0000C1A284602F0D0FD16E000BF94F8800019
:10D40000052802D1002084F8810002B0BDEC088B11
:10D41000B0BD00BFD4F8880004F5E0750168496824
:10D420008847284600F0F4FD6846B0EE408AB0EE2A
:10D43000609A02F081FBD4F888000168096A884785
:10D4400003F0E0F8D4F88800B0EE40AA0168096A59
:10D45000884703F095F929EE000AD4F88800A8EE71
:10D460000A0A8DED000A0168096A884703F0CAF8C4
:10D47000D4F88800B0EE40AA0168096A884703F032
:10D480007FF928EE408AA9EE0A8A94F882009DED81
:10D49000009A03284FF000000190009002D194ED13
:10D4A0000E1A20E094F8F50078B1D4F888000168ED
:10D4B000C9698847606B019004F114006A46012134
:10D4C00002238DED000A00F0DFFED4F8880004F599
:10D4D000B0750168C9698847D4ED0D0A284600F087
:10D4E00067FEB0EE401AB0EE490AF0EE480A6CE072
:10D4F000D4F8A4009FED388AB0EE480A0168496864
:10D500008847D4F8A800B0EE480A016849688847FF
:10D51000D4F8AC00B0EE480A0168496802B0BDEC2E
:10D52000088BBDE8B040084794F8F50078B1D4F80E
:10D5300088000168C9698847606B019004F1140094
:10D540006A46012102238DED000A00F09DFED4F809
:10D55000880004F5B0750168C9698847D4ED0D0AE3
:10D56000284600F025FEB0EE401A9FED1B0A20462B
:10D57000F0EE400AFFF744FE02B0BDEC088BB0BDF0
:10D5800094F8F50078B1D4F888000168C969884733
:10D59000606B019004F114006A46012102238DEDB5
:10D5A000000A00F071FED4F8880004F5B075016837
:10D5B000C9698847D4ED0D0A284600F0F9FDB0EEA0
:10D5C000401AB0EE480AF0EE490A2046FFF718FE6E
:10D5D00002B0BDEC088BB0BD0000000000000000F0
:10D5E00070B52DED108BB0F8E4100446D0F8D400DF
:10D5F000B0EE41AAB0EE608AB0EE409AF6F790F92C
:10D60000B4F8E61084F8EC00D4F8D800F6F788F9FE
:10D61000B4F8E81084F8ED00D4F8DC00F6F780F9EF
:10D62000B4F8EA1084F8EE00D4F8E000F6F778F9E0
:10D63000B0EE490A9FEDBF1A00210022B1EE4AFA6E
:10D640000026AAEE010AB5EE400AF1EE10FAB5EE98
:10D65000408A18BF0121F1EE10FA18BF012284F8A8
:10D66000EF0041EA020084ED130A012884ED148AD8
:10D670004BD1F0EE480A04F14C0505F0DBFCD4F880
:10D68000B4009FEDAD1A20EE01BA0168C968884761
:10D690003BEE402A9FEDA90A9FEDA91A9FEDAA4AE9
:10D6A00032EE003AB4EE412AF1EE10FA33FE022ACD
:10D6B0009FEDA43A32EE033AB4EE424AF1EE10FA8C
:10D6C00033FE022A9FEDA13AB0EEC22AB4EE432AFD
:10D6D000F1EE10FA12DD3BEE012A284632EE000A86
:10D6E000B4EE412AF1EE10FA30FE020A84ED0F0A80
:10D6F00002F0BAFDB1EE40BA07E000BF284684ED63
:10D700000FBA02F0B1FDB0EE40BAB3EE0ECA94ED1E
:10D71000231A9FED8FDAD4F8A40021EE0D1A2BEE18
:10D720000C0A0168896880EE010A8847D4F8B400C1
:10D7300094ED0F0A016809698847F0EE480A9FEDE9
:10D74000850AAAEE009A9FED84EA0020EFEE0E0A09
:10D75000B5EE409AF1EE10FAF5EE400A18BF01203E
:10D76000F1EE10FA18BF012684ED159A3043C4ED8E
:10D77000160A01284BD1B0EE490A04F1540505F010
:10D7800059FCD4F8B8009FED6C1A20EE01BA01687C
:10D79000C96888473BEE402A9FED680A9FED681AEA
:10D7A0009FED694A32EE003AB4EE412AF1EE10FAEA
:10D7B00033FE022A9FED633A32EE033AB4EE424A58
:10D7C000F1EE10FA33FE022A9FED603AB0EEC22A63
:10D7D000B4EE432AF1EE10FA12DD3BEE012A2846A0
:10D7E00032EE000AB4EE412AF1EE10FA30FE020ADF
:10D7F00084ED100A02F038FDB1EE40BA07E000BF38
:10D80000284684ED10BA02F02FFDB0EE40BA94ED38
:10D81000230A2BEE0C1A20EE0D0AD4F8A800B5EE60
:10D82000409A00260168002581EE000AF1EE10FA08
:10D8300018BF012689688847D4F8B80094ED100A0B
:10D84000016809698847AAEE0E8AB5EE408AF1EEB2
:10D8500010FA18BF012584ED179A46EA050084EDF9
:10D86000188A01284DD1B0EE490AF0EE480A04F1B9
:10D870005C0505F0DFFBD4F8BC009FED2F1A20EE0D
:10D88000018A0168C968884738EE402A9FED2B0A53
:10D890009FED2B1A9FED2C4A32EE003AB4EE412A4E
:10D8A000F1EE10FA33FE022A9FED263A32EE033AE9
:10D8B000B4EE424AF1EE10FA33FE022A9FED233A0B
:10D8C000B0EEC22AB4EE432AF1EE10FA12DD38EEC1
:10D8D000012A284632EE000AB4EE412AF1EE10FA8F
:10D8E00030FE020A84ED110A02F0BEFCB1EE40BA2D
:10D8F00007E000BF284684ED118A02F0B5FCB0EEC7
:10D9000040BA94ED231A2BEE0C0A21EE0D1AD4F82E
:10D91000AC00016880EE010A89688847D4F8BC0031
:10D9200094ED110A01680969BDEC108BBDE87040E7
:10D93000084700BF7FFB7ABE1B2F65420000B4C3BF
:10D94000000034430000B443000034C30000B4427C
:10D95000DA0F494001FC133ED0B64A3E00000000F9
:10D9600000F18C0C8CE80E000099C0F898107047FC
:10D97000F0B581B02DED028B0446302000270D4616
:10D98000207143F2B870C0F60100C4F8057000F1D0
:10D9900008011C30C4E9050704F11C00C4F8097033
:10D9A000C4F80D702761216002F0C6F804F124006C
:10D9B00002F0C2F804F12C0002F0BEF804F14C00B1
:10D9C0006764C4E90D77C4E90F7704F16C06A764B6
:10D9D00002F0B2F804F1540002F0AEF804F15C0079
:10D9E00002F0AAF804F1640002F0A6F8304602F052
:10D9F000A3F804F1740002F09FF840F20630C4F876
:10DA0000810004F188006821E76784F88050F2F70C
:10DA100000FE9FED1F8A4FF00130B0EE480AF0EE95
:10DA2000480AB0EE481AF0EE481AB0EE482AF0EE76
:10DA3000482AB0EE483AC4F8F00004F58670A4F81D
:10DA4000F470C4E93E77C4E94077C4F8087101F086
:10DA500027F9B0EE480AF0EE480AB0EE481AF0EEA8
:10DA6000481AB0EE482AF0EE482AB0EE483A04F5DB
:10DA7000B670C4E95877C4F8687101F011F904F57B
:10DA8000E07000F00DFB2046BDEC028B01B0F0BD54
:10DA900000000000000000004FF4677102F08BBD31
:10DAA00040F200116C22C2F2000100FB021000F1F2
:10DAB000640400F1100500F1140602E0286803F088
:10DAC0001BF821680129F9DB002702E001378F42AA
:10DAD000F4DA56F827000028F8D00168096888476A
:10DAE0002168F3E700000000092988BF7047B0B53E
:10DAF0008AB040F2001C6C23C2F2000C01FB03C58B
:10DB00002C4654F8643F132B1FDC05EB8300426165
:10DB10002868C0B96C22002001FB02C20590CDE943
:10DB200008000490CDE90200101D0190906E06904F
:10DB3000D06807904DF6A12001AAC0F6000003F0BE
:10DB400007F923682860581C20600AB0BDE8B0407F
:10DB5000704700000000000080B540F20011202254
:10DB6000C2F2000102234FF00F0C4FF0080EC1E982
:10DB70001E230523C1E939231822C1E954230A23AE
:10DB8000C1E96F231022C1E98A2346F27413C6F655
:10DB900073334B60C1E9A52C43F25F020A8143F263
:10DBA0005F12A1F8742043F25F22A1F8E02043F253
:10DBB0005F32A1F84C2143F25F42A1F8B82143F251
:10DBC0005F52A1F8242243F25F62A1F8902243F24F
:10DBD0005F72A1F8FC2243F65F02A1F86823C1E955
:10DBE000C0EC00228A720B674FF0300C81F876206F
:10DBF000C1F8DC3081F8E220C1F8483181F84E21CB
:10DC0000C1F8B43181F8BA21C1F8203281F8262256
:10DC1000C1F88C3281F89222C1F8F83281F8FE22E4
:10DC2000C1F8643381F86A23C1F8D03343F65F1337
:10DC3000A1F8D4331423C1E9DBE3012381F8D6230F
:10DC4000C1E903C32822C1E9F63280BD000000000B
:10DC50007047000000000000704700000000000056
:10DC60007047000000000000704700000000000046
:10DC70007047000000000000704700000000000036
:10DC80007047000000000000704700000000000026
:10DC900001464068002808BF704708310122F9F7A3
:10DCA00063BE00000000000043F62403012AC0F612
:10DCB0000103427203F10803C0E9003140F29461AC
:10DCC000C2F200010AD052B94A68092AC8BF704797
:10DCD000531C01EB82024B6002F10801086070479F
:10DCE0000168032081F88200012081ED0E0A70474F
:10DCF000016070470000000010B52DED048B046832
:10DD0000B0EE608AB0EE409A94F88100062802D006
:10DD1000012084F88100F5F713FE00EE100A94ED5F
:10DD2000411AB8EE400A30EE410A9FED2B1A80EE00
:10DD3000010A84ED400AF5F703FE94ED073AB0EED0
:10DD4000081A33EE492A94ED400AB0EEC24A20EE9A
:10DD5000012AB4EE424A04EE100AF1EE10FAB8EECF
:10DD6000444A84ED414A12DBB4EE493AF1EE10FA2E
:10DD700004DDB8EE084AA0EE043A06E0B4EE493AF3
:10DD8000F1EE10FA05DAA0EE013AB0EE439A84ED16
:10DD9000079A94ED083A33EE484AB0EEC44AB4EE1E
:10DDA000424AF1EE10FA10DBB4EE483AF1EE10FA06
:10DDB00002DDB8EE081A04E0B4EE483AF1EE10FACB
:10DDC00005DAA0EE013AB0EE438A84ED088A01201C
:10DDD000BDEC048B10BD00BF00007A4400000000C1
:10DDE000F0B587B000F1080500F130070446284679
:10DDF000394602F061FA05A920468DED050ACDED00
:10DE0000060A01F09DFE04F12801204602F008FAFE
:10DE100004F1200605A930468DED050ACDED060A70
:10DE200001F08EFE304602F01FFA3046394684ED8E
:10DE3000160A02F05DFA04F1380705A938468DED9F
:10DE4000050ACDED060A01F07BFE3846294602F0B0
:10DE500033FA05AD8DED050A2846CDED060A02F030
:10DE600003FA304684ED280A02F00AFA01A88DED83
:10DE7000010ACDED020A02F02FFA04F1480003A9CD
:10DE80008DED030ACDED040A01F05AFE284602F09A
:10DE9000F7F904F1400003A98DED030ACDED040A62
:10DEA00001F04EFE07B0F0BDB0B52DED028B86B08F
:10DEB000044690F8A40104F5D075042814D104F1A7
:10DEC000500002F0D1F9F0EE401AB7EE000A9FEDD3
:10DED000202AB0EE081AB0EE423AD4ED162AF0EE3F
:10DEE000400A284600F0E4FC04F1A40094ED280A5E
:10DEF00000F05AFEB0EE408A94ED160A284600F073
:10DF00004FFDB1EE400A04F1400084ED1A0AB0EE74
:10DF1000480A02F055FB8DED040A94ED1A0A04F14B
:10DF20004800CDED050A02F04BFB04A802A98DEDD7
:10DF3000020ACDED030A02F0DBF904F16000694644
:10DF40008DEC020A01F0FCFD06B0BDEC028BB0BD09
:10DF5000000000000000000070B52DED048B86B0BD
:10DF60000446A43094ED280A00F01EFE04F17C055E
:10DF7000B0EE408A284602F03FF894ED161A284683
:10DF800030EE019A02F048F9012815DB284604F129
:10DF9000180602F031F902A930468DED020ACDEDE6
:10DFA000030A02F089F904A88DED040ACDED050AF3
:10DFB00002F05AF939EE009AB0EE490A04F1F8007D
:10DFC00000F0F2FD84ED1A0AB0EE480A04F14000B8
:10DFD00002F0F6FA8DED040A94ED1A0A04F14800F5
:10DFE000CDED050A02F0ECFA04A802A98DED020AB3
:10DFF000CDED030A02F07CF904F1600069468DEC76
:10E00000020A01F09DFD06B0BDEC048B70BD00005E
:10E01000B0B582B00446083069468DEC020A01F0C2
:10E020008FFD94F87900032810D002281ED030B953
:10E030000020C4E9180004F5D07000F025FD94ED2F
:10E04000180AD4ED190A02B0B0BD00BF04F17C007B
:10E050000025C4E9185500F07FF984F8795094ED53
:10E06000180AD4ED190A02B0B0BD00BF2046FFF770
:10E07000B7FE94F8780048B12046FFF715FF94EDFD
:10E08000180AD4ED190A02B0B0BD00BF2046FFF750
:10E0900063FF94ED180AD4ED190A02B0B0BD000078
:10E0A000B0B52DED028B044601F046FD083001F0BD
:10E0B00043FD04F1100001F03FFD04F1180001F0F0
:10E0C0003BFD04F1200001F037FD04F1280001F0D0
:10E0D00033FD04F1300001F02FFD04F1380001F0B0
:10E0E0002BFD04F1400001F027FD04F1480001F090
:10E0F00023FD04F1500001F01FFD04F16000002534
:10E10000C4E9165501F018FD41F26F20A566C3F66B
:10E11000833084F86C50C4E91C5004F17C00A4F8EE
:10E12000785000F021F99FED218A04F1A400B0EEAF
:10E13000480AF0EE480AB0EE481AF0EE481AB0EE7F
:10E14000482AF0EE482AB0EE483AC4F8A05000F051
:10E15000A7FDB0EE480AF0EE480AB0EE481AF0EE1D
:10E16000481AB0EE482AF0EE482AB0EE483A04F1D8
:10E17000F80000F095FDB0EE480AF0EE480AB0EE67
:10E18000481AF0EE481AB0EE482AF0EE482AB0EEEF
:10E19000483A04F5A67000F083FD04F5D07000F055
:10E1A0007BFC2046BDEC028BB0BD00BF0000000030
:10E1B00020EE201AC0ED000A80ED010AB5EE401AEB
:10E1C000F1EE10FA26DAB5EE400AF1EE10FA2BDD88
:10E1D000F5EE400AF1EE10FA26DA9FED291A31EE3B
:10E1E000402A30EEC00A32EE011AB0EEC03A31EEEB
:10E1F000201AB0EEC12AB4EE432AF1EE10FA2EDD59
:10E20000B0EE401A80ED020AB0EE410A0C3000F088
:10E21000CBBC00BF30EEC01A80ED021AB0EE410A4E
:10E220000C3000F0C1BC00BFB5EE400AF1EE10FAB0
:10E230001CDAF5EE400AF1EE10FA17DD9FED0F1A29
:10E2400031EE402A30EEC01A30EE820AB0EEC12A1A
:10E25000B0EEC03AB4EE432AF1EE10FAD0DC80ED15
:10E26000021AB0EE410A0C3000F09EBC90ED021A8A
:10E27000B0EE410A0C3000F097BC00BF0000B4C300
:10E2800000003443000000002DE9F041D0F8048084
:10E29000C4464FEA830588F8AF100CF8AC5FDBB3D7
:10E2A000042B03F0030E01D200231CE06FF00C04DA
:10E2B00002F1080104EA83040025002308EB0506A7
:10E2C0004F1950590433C6F8F40057F8040CC6F837
:10E2D000F80050194F591035C6F8FC70AC42C068B0
:10E2E000C6F80001EAD1BEF1000F15D008F1F40123
:10E2F000BEF1010F52F8230041F823000CD0581C46
:10E30000BEF1020F52F8207041F8207004D0981C22
:10E3100052F8202041F82020D8F8380100220023AC
:10E32000614602F0C1FCB0FA80F04009BDE8F0811E
:10E330007047000000000000D1F840214160042A2D
:10E34000C8BF704701EB8203C3F84801501CC1F8F5
:10E350004001704700000000002181614FF0FF3252
:10E36000C0E907217047000000218161C0E9001168
:10E37000C0E90211C0E904114FF0FF32C0E90721E2
:10E38000704700000000000070470000000000001F
:10E3900010B500F15C01044600F00EFE04F194019A
:10E3A000204600F009FE04F17801204600F004FE4A
:10E3B00004F1CC01204600F0FFFD04F1B00120463D
:10E3C00000F0FAFD04F5C871204600F0F5FD04F5F3
:10E3D000F271204600F0F0FD04F5D671204600F001
:10E3E000EBFD04F58271204600F0E6FD04F50071B6
:10E3F000204600F0E1FD204600F032FE94F83102A4
:10E4000040B101280CD194F83002042808D8043017
:10E4100001E000BF0320216851F820102046884702
:10E4200094F83202012803D040B90B2001E000BF6C
:10E430000920216851F820102046884794F83302BB
:10E44000012805D0002818BF10BD0C2001E000BF36
:10E450000A20216851F820102046BDE810400847E6
:10E460000168496B08470000704700000000000089
:10E47000704700000000000070470000000000002E
:10E48000704700000000000070470000000000001E
:10E49000704700000000000070470000000000000E
:10E4A00070470000000000007047000000000000FE
:10E4B00070470000000000007047000000000000EE
:10E4C000302180F8201243F63001C0F6010101F13D
:10E4D000080202604FF07F525431C0E9022246F236
:10E4E0006662C0F81C12C4F26602426100F11A01B1
:10E4F000816700F11B01C16700F11E01C0F8941093
:10E5000000F11F01C0F8981000F50C71C0F88010E0
:10E51000C0F89C10042180F8841080F8A01002211B
:10E5200080F83012C0F8A41000F11C01C16500F1A0
:10E530001D01016600F23121416600F12A01C0F897
:10E54000B01000F12B01C0F8B41000F23321C0F874
:10E55000B81000F12801C0F8CC1000F12901C0F872
:10E56000D01000F23221C0F8D41000F12601C0F81A
:10E57000041100F12701C0F808110821C0F8181192
:10E580000321C0F8141180F80C1200F13001C0F81A
:10E59000901100F13101C0F8941100F23521C0F85A
:10E5A000981100F13601C0F8E41100F13701C0F80C
:10E5B000E81100F23621C0F8EC1100F11801C0F8A2
:10E5C000001200F11901C0F8041200F50D71C0F835
:10E5D000081200F13201C0F8AC1100F13301C0F8AB
:10E5E000B01100F23721C0F8B4110121C0F8881031
:10E5F00080F8681080F8D81080F8BC10C0F81C11A2
:10E6000080F89C1180F8F01180F8B8110021C0F852
:10E610002112C0F82512C0F82912C0F82C1241604E
:10E620000161C0F83112C0F83412C0E92311C0E909
:10E630002A11C0E91B114167C0E93711C0F8E41085
:10E64000C0E93011C0F8C810C0F80C1180F81011E2
:10E65000C0E98411C0F81812C0E97D11C0F8FC119E
:10E66000C0E96811C0F8A811C0E96F11C0F8C41161
:10E6700070470000000000004FF40E7101F09BBFD6
:10E68000704700000000000041B1212928BF20216F
:10E69000C0F880100021C0E9211170470021C0F8A6
:10E6A00080100021C0E92111704700000000000027
:10E6B000D0F88010002908BF704780B5D0E921E26A
:10E6C0008E4500EB820302F1010283ED000AB2FBEA
:10E6D000F1F303FB1122C0F8882005D20EF1010EE0
:10E6E000C0F884E003E000BFBEF1000F46D0BEF1E9
:10E6F000040F0EF0030C03D29FED240A00231CE04C
:10E700002EF00302A0F110019FED200A002300BFAC
:10E7100091ED041A043330EE010A91ED051A9A4284
:10E7200030EE010A91ED061A30EE010A91ED071A5A
:10E7300001F1100130EE010AEAD1BCF1000F13D053
:10E7400000EB8300BCF1010F90ED001A30EE010ADE
:10E750000AD090ED011ABCF1020F30EE010A03D08D
:10E7600090ED021A30EE010A01EE10EAB8EE411AFD
:10E7700080EE010ABDE88040704700BF9FED020AAD
:10E78000BDE88040704700BF0000C07F000000006F
:10E7900010B58C210446F1F73CFF204610BD000067
:10E7A000017989B1B7EE001A90ED002A22EE000A35
:10E7B00031EE423A90ED031A80ED021AA3EE010AFF
:10E7C00080ED030A704700BF80ED030A012101714B
:10E7D00080ED020A704700009FED051A80FE010AD5
:10E7E000B7EE001A80FE410A80ED000A704700BFB4
:10E7F000000000000000000080ED000A002101710F
:10E80000C0E9021170470000B0B582B090ED110A66
:10E8100090ED121A90ED8F2A90ED903A20EE020AB8
:10E82000044661EE030A684601F082F904F50E75AC
:10E8300000219DEC020A2846FFF75EFAB8EE000AB6
:10E8400094ED131A0021284621EE000AFFF748FA3A
:10E8500002B0B0BD00000000B0B52DED028B82B05B
:10E860009FED108A0446B0EE480AF0EE480A68466A
:10E8700001F05EF904F50E7500219DEC020A2846B0
:10E88000FFF73AFAB0EE480A00212846FFF728FAC7
:10E890000020C4F24000C4E98F0002B0BDEC028B3E
:10E8A000B0BD00BF000000004FF4117101F083BE45
:10E8B00033EE627AC0ED072AB0EEC16A80ED083A05
:10E8C000B0EEC00A80ED046AB0EEE04AB5EE407AE0
:10E8D000B0EEE15A80ED020AB0EEC26A80ED034A62
:10E8E000B0EEC72A80ED055AF1EE10FA80ED066A07
:10E8F00080ED092A02DDB7EE003A06E0B5EE407A77
:10E90000F1EE10FA03DABFEE003A80ED0C3A25EE94
:10E91000453A26EE467A74EE040AF0EE431AF0EE1B
:10E92000472AE1EE011AE1EE012A30EE001AC1EEAB
:10E93000811AC2EEA02A71EEA23AF4EE423AF1EE4A
:10E9400010FA22DD60EE061A64EE052A30EE040AA3
:10E9500026EE216AA2EE856A21EE045A9FED0E4A48
:10E96000A5EE026A86EE000AB1EEC02AB5EE400AB4
:10E97000F1EE10FAB8BFB0EE442AA2EE023AA2EECF
:10E98000027AC3EE011AC7EE202AC0ED0A1A00214E
:10E99000C0ED0B2A0171704700000000000000006C
:10E9A00090ED071A30EE410A90ED091AB0EEC00A58
:10E9B00080ED000AB4EE410AF1EE10FA14DA90ED9F
:10E9C0000A2AB4EE402AF1EE10FA17DD90ED021A91
:10E9D0009FED2B2A31EE011A0021017120EE011A60
:10E9E00090ED050A30E000BF90ED060A80ED001AB8
:10E9F00090ED0C1A20EE010A704700BF90ED0B2A33
:10EA0000022131EE422AB4EE402AF1EE10FAC8BFDC
:10EA10000121022901710BD0012927D190ED040AAF
:10EA200080ED0E0A90ED0C1A20EE010A704700BF2F
:10EA300090ED032A31EE400A32EE022A20EE021A4D
:10EA400090ED060A9FED0E2AA0EE001AB1EEC10A63
:10EA5000B5EE401AF1EE10FAB8BFB0EE420A80ED02
:10EA60000E0A90ED0C1A20EE010A704790ED060A8E
:10EA700080ED0E0A90ED0C1A20EE010A704700BFDF
:10EA80000000000000000000042101710021C0E925
:10EA90000911C0E90B1170470021016004220271C5
:10EAA000C0E90211C0E904118161C0E90911C0E99E
:10EAB0000B11C0E90D11704710B52DED028B90EDD3
:10EAC000031A90ED0C2A31EE401A9FED360A90EDB4
:10EAD000074A90ED005A044681FE403AB4EE412ABE
:10EAE000F1EE10FAB1EE422A33FE011A81FE003A2D
:10EAF000B4EE421AF1EE10FA33FE011A90ED0E3A1E
:10EB0000B1EE432A80ED0F1A34EE014AB4EE412AE9
:10EB1000F1EE10FAB4EE431A90ED013A30FE044AD9
:10EB2000F1EE10FA25EE012AB5EE403A30FE044A25
:10EB300080ED062AF1EE10FA80ED074A03D1B0EE1F
:10EB4000404A0020E06194ED080A23EE043A31EED9
:10EB5000400A94ED024A04F1440084ED043A32EE96
:10EB6000038A84ED081A24EE000A84ED050AFFF7F3
:10EB700017FE38EE000A94ED0B1A84ED090AB4EE84
:10EB8000410AF1EE10FA06DCB1EE411AB4EE410A88
:10EB9000F1EE10FA03DAB0EE410A84ED091ABDEC89
:10EBA000028B10BD0000000010B52DED028B9FED13
:10EBB000321A90ED0C2A80FE413A90ED074AB4EEED
:10EBC000402A90ED025AF1EE10FAB1EE422A0446C4
:10EBD00033FE000A80FE013AB4EE420AF1EE10FA6A
:10EBE00033FE002A90ED0E0AB1EE403A80ED0F2A76
:10EBF00034EE024AB4EE423AF1EE10FAB4EE402A94
:10EC000090ED000A31FE043A90ED014AF1EE10FA5F
:10EC100031FE031A20EE023A90ED080A32EE400A65
:10EC200080ED063A24EE014A80ED071A80ED044A91
:10EC300025EE000A80ED082A80ED050A443033EE07
:10EC4000048AFFF7ADFD38EE000A94ED0B1A84ED4F
:10EC5000090AB4EE410AF1EE10FA06DCB1EE411AEF
:10EC6000B4EE410AF1EE10FA03DAB0EE410A84ED97
:10EC7000091ABDEC028B10BD00000000000000006E
:10EC800000F1280180ED0E3A80EC030AB0EE630A31
:10EC9000C1EC031A00F144010846FFF79DBD0000D6
:10ECA00010B5044680EC030AB7EE000A04F128010F
:10ECB00000206062C4E90300C4E90500C4E907005C
:10ECC0006063C4E90F0004F1440084ED0E3AC1EC26
:10ECD000031AFFF791FD204610BD00000000000060
:10ECE00010B58A88096890ED0D2A044609BA00EE2D
:10ECF000101AD1BA01EE101AB8EEC00AB8EEC11A55
:10ED000080EE020A9FED062A21EE021A80ED4C0ADF
:10ED100080ED4D1A3C30FFF7CBFC84ED4F0A10BD5F
:10ED2000CDCCCC3D0000000080ED4E0A002180F8E3
:10ED3000381070470000000090F83810022919D0F0
:10ED400080B582B0012917D0002948D190ED4E0A34
:10ED50000121BDEEC00AD0F808C061F31F2CC0F835
:10ED6000D0C0002180ED550ACDE9001110EE101A37
:10ED700011E000BF00F038B8D0F84811C1B1D0F8A8
:10ED800008C0032262F31F2CC0F84C11C0F8D0C099
:10ED90000022CDE900220A0E8DF800200A0C8DF821
:10EDA00001200A0A8DF802208DF8031011E000BF3F
:10EDB000D0F808C0022161F31F2C0021019100212D
:10EDC000C0F8D0C0C7F21701009141F27071C0F8CD
:10EDD000501143686A460121604600F0D5FF02B039
:10EDE00080BD000000000000B0B584B000F1D40583
:10EDF000044690ED4B0A284600F06EFE94ED4C0A56
:10EE0000284600F0F5FD94ED501A94F8C80030EE55
:10EE1000010A84ED4E0A78B1D4E94B010090D4F890
:10EE20003C01CDE9011004F128006A4601210323C9
:10EE3000FFF72AFA94ED4E0ABDEEC00AA068012140
:10EE4000636861F31F200021CDE9001110EE101A54
:10EE5000C4F8D00084ED550A8DF803100A0E8DF821
:10EE600000200A0C8DF801200A0A8DF802206A465B
:10EE7000012100F089FF04B0B0BD000000000000D7
:10EE800090ED4C0A7047000090ED0C1A012121EE24
:10EE9000000A90ED0D1A80ED4B0A80F8381020EE34
:10EEA000011AB6EEC10ABDEEC11A80ED510A80ED1D
:10EEB000521A70470000000090ED0C1A012121EE5B
:10EEC000000A90ED0D1A80ED4B0A80F8381020EE04
:10EED000011ABDEEC10A80ED520A70470000000021
:10EEE0002DE9F0412DED028B15461E460B46012201
:10EEF0002946B0EE408A04464FF0010800F05CFF5E
:10EF000000EE106A3020207543F6F000C0F60100D4
:10EF100004F13C05002700F10801216000F13001F7
:10EF2000216100F144019030B8EE400AC4E90A07BB
:10EF30002846C4F81570C4F81970C4F81D7027620B
:10EF4000616284ED0C8A84ED0D0A84F83880FFF745
:10EF50001FFC9FED130A04F1D400F0EE400AB0EE5E
:10EF6000401AF0EE401AB0EE402AF0EE402A84F843
:10EF7000C870C4E9337700F0B3FD04F5967024211E
:10EF8000F1F747FB42F210700221C4E9540728460A
:10EF9000FFF77AFB2046BDEC028BBDE8F08100BF95
:10EFA00000000000000000004FF4AC7101F003BB52
:10EFB000704700000000000010B50C460968097891
:10EFC00011B16168097829B1D4E9000100780870AD
:10EFD00010BD00BF21690329F6D8DFE801F0030F57
:10EFE000192700BFA0680028EED00178227B0131EC
:10EFF0000132B1FBF2F303FB121110E0A06800280C
:10F00000E2D00178227B9142DED2013107E000BFDD
:10F01000A0680028D8D001780029D5D00139017026
:10F02000D4E900010078087010BD00BFD4E905C222
:10F0300002F0010353EA0C01C6D000EB6200002B82
:10F040001CBF016851F80CC0E047D4E9000100780A
:10F05000087010BD000000007047000000000000B4
:10F06000018F47F6191240F69E738A1A92B29A429D
:10F0700002D80021416417E000EE101A47F618127A
:10F080009142B8EE400A05D89FED481A31EE400A89
:10F0900006E000BF9FED431A31EE400A9FED421A91
:10F0A00080EE010A80ED110A418F47F619128A1A83
:10F0B00092B29A4202D80021816417E000EE101A41
:10F0C00047F618129142B8EE400A05D89FED371A5C
:10F0D00031EE400A06E000BF9FED321A31EE400AE1
:10F0E0009FED311A80EE010A80ED120A818F47F6FA
:10F0F00019128A1A92B29A4202D80021C16417E00A
:10F1000000EE101A47F618129142B8EE400A05D8E0
:10F110009FED261A31EE400A06E000BF9FED211A4E
:10F1200031EE400A9FED201A80EE010A80ED130AAD
:10F13000C18F47F619128A1A92B29A4202D8002158
:10F14000016517E000EE101A47F618129142B8EE6A
:10F15000400A05D89FED151A31EE400A06E000BFBF
:10F160009FED101A31EE400A9FED0F1A80EE010A52
:10F1700080ED140AB0F840109FED0D2AB0F842203F
:10F1800000EE101A01EE102AB8EE400AB8EE411A4D
:10F1900080EE020A81EE021A80ED150A80ED161A41
:10F1A000704700BF00B80847008EEE460030F246B8
:10F1B00000C07F4400000000009A1C2A18BF70475E
:10F1C0000A78002A18BF012202764A78002A18BF5E
:10F1D000012282768A78002A18BF01220277CA7833
:10F1E000002A18BF012282770A79002A18BF01225B
:10F1F00080F820204A79002A18BF012280F82220B6
:10F200008A79002A18BF012280F82420CA79002AAE
:10F2100018BF012280F826200A7A002A18BF01228E
:10F2200080F828204A7A002A18BF012280F82A2074
:10F230008A7A002A18BF012280F82C20CA7A002A74
:10F2400018BF012280F82E200A7B002A18BF012255
:10F2500080F830204A7B002A18BF012280F8322033
:10F260008A7B002A18BF012280F83420CA7B002A3A
:10F2700018BF012280F836200A8A12BA120C0287BF
:10F280004A8A12BA120C42878A8A12BA120C8287F0
:10F29000CA8A12BA120CC2870A8B12BA120CA0F8D0
:10F2A0004020498B09BA090CA0F8421070470000B1
:10F2B00070B50D46098800F114060446304649BA77
:10F2C00000F08AFD84ED060A688800BA000CA0836D
:10F2D000A888C1BA304600F0A7FD94F8890084EDF3
:10F2E000080A68B194F88800013084F88800C1B237
:10F2F000072905D30020A067C4F8840084F889009A
:10F3000094ED061A94ED1F2A31EE420A9FED2E3A33
:10F31000B4EE431A84ED1C2AF1EE10FA84ED1F1AA4
:10F3200084ED200A0EDD9FED293AB4EE432AF1EE7A
:10F3300010FA19DA9FED270A31EE000A30EE420A80
:10F3400012E000BF9FED214AB4EE441AF1EE10FA2C
:10F350000ADAB4EE432AF1EE10FA05DD9FED1C0A3D
:10F3600030EE420A30EE010A94ED1E1A9FED1A2A81
:10F37000B4EE421A84ED1D0AF1EE10FA0ADA9FED9E
:10F38000172AB4EE421AF1EE10FA07DA9FED102AAE
:10F3900002E000BF9FED0F2A31EE021A9FED0C2A0A
:10F3A00094ED0D3A80EE022A94ED214A80EE030A94
:10F3B00094ED0E3AA2EE034A31EE000A84ED1E0AE5
:10F3C00084ED214A70BD00BF000082430000C842A6
:10F3D0000000B4430000B4C300003443000034C351
:10F3E00010B50446062084F8550004F1140000F01E
:10F3F00007FD00EE100AB8EEC00A84ED1B0A10BD2E
:10F4000080ED210A7047000080ED1E0A7047000061
:10F41000B0B590F8551004460020DFE801F0053D36
:10F42000252B0D31370000BF94ED0D0A94ED1A1A0B
:10F4300021EE000A38E000BF94F85400013084F84F
:10F440005400C1B20A2929D904F1E40094ED210A3B
:10F45000E16DC4F8F010FFF72FFB84ED1A0A0020CD
:10F4600084F854001CE000BF2046BDE8B04000F026
:10F470008BB900BF2046BDE8B04000F035B800BFF2
:10F480002046BDE8B04000F0F3B800BF94ED1B0A81
:10F49000BDEEC00A10EE100AB0BD00BF94ED1A0A0E
:10F4A00094ED0D1A20EE010A04F18C05284600F0B7
:10F4B00013FBB4F91C00143400EE100A2846B8EE11
:10F4C000C00A00F095FA2046BDE8B04000F098BCB4
:10F4D00090ED170A7047000090ED160A7047000083
:10F4E00090ED1A0A70470000B0B590ED161A044668
:10F4F00090ED1E0A31EE401A90ED142A00F50770C7
:10F50000B0EEC11AB4EE421AF1EE10FA0EDA94ED32
:10F510008D1AB5EE401AF1EE10FA07D1FFF7B4FAE2
:10F520002046BDE8B04000F02FB900BFFFF738FA21
:10F5300094ED0D1A84ED1A0A20EE011A04F18C05DF
:10F540002846B0EE410A00F0C7FAB4F91C001434A2
:10F5500000EE100A2846B8EEC00A00F049FA20462C
:10F56000BDE8B04000F04CBC10B590F8E441042C6C
:10F5700037D1B0F91C10B0EE403AB0EE604A90EDD1
:10F58000135A00EE101A00F5F071D0ED212A80ED2B
:10F59000173A052280F85520B8EEC00AB0EEC06ACE
:10F5A000B4EE456AF1EE10FA0CDD33EE626A26EE37
:10F5B000006AB5EE406AF1EE10FA03DD90ED115AE3
:10F5C00002E000BF90ED110A25EE005AB0EE410AAC
:10F5D000F0EE610AB0EE441A0846F0EE451AFFF765
:10F5E00067F9201FB0FA80F0400910BD000000004C
:10F5F00010B590F82042042C35D1B0F91C10B0EEB3
:10F60000403AB0EE604A90ED135A00EE101A00F541
:10F610000771D0ED1E2A80ED163A032280F855209E
:10F62000B8EEC00AB0EEC06AB4EE456AF1EE10FA68
:10F6300008DD33EE626A26EE006AB5EE406AF1EE4E
:10F6400010FA01DCB0EE450A90ED0D5AF0EE610AB9
:10F6500080EE055AB0EE410AB0EE441A0846F0EECC
:10F66000451AFFF725F9201FB0FA80F0400910BDB8
:10F67000B0B590ED171A90ED122A90ED210A0446CC
:10F6800031EE401A00F5F070B0EEC11AB4EE421A35
:10F69000F1EE10FA20DA94ED7E1AB5EE401AF1EE92
:10F6A00010FA19D1FFF7F0F994F85400013084F8FA
:10F6B0005400C1B20A2919D904F1E40094ED210AD9
:10F6C000E16DC4F8F010FFF7F7F984ED1A0A002095
:10F6D00084F854000CE000BFFFF762F994ED101AB3
:10F6E00020EE010A84ED1A0A02E000BF94ED1A0A26
:10F6F00094ED0D1A04F18C0520EE010A284600F065
:10F70000EBF9B4F91C00143400EE100A2846B8EEE8
:10F71000C00A00F06DF92046BDE8B04000F070BBB3
:10F7200000F5F070FFF7B0B900F50770FFF7ACB95E
:10F7300090ED210A7047000090ED1E0A704700000E
:10F74000B0F91C1090ED0D1A00EE101AB8EEC00AB8
:10F7500080EE010A70470000042180F8551080ED0A
:10F76000170A70470000000080ED160A022180F899
:10F770005510704700000000002180F8551080ED02
:10F780001A0A704700000000B0B5044690F8540013
:10F79000013084F85400C1B205291FD994ED161A1E
:10F7A00094ED1E2A22EE010AB5EE400AF1EE10FA9F
:10F7B00018DAB5EE402AF1EE10FA17DDB5EE401A70
:10F7C000F1EE10FA12DA9FED2E0A30EE423A33EEE5
:10F7D000000A31EE000A31EE421A19E094ED1A0ADD
:10F7E0002FE000BF31EE420A20E000BFB5EE402A14
:10F7F000F1EE10FA3EDAB5EE401AF1EE10FA39DD0C
:10F800009FED1E0A30EE423A31EE420A31EE031A03
:10F81000B0EEC02AB0EEC13AB4EE432AF1EE10FACF
:10F8200004DDB0EE410A84ED181A01E084ED180AF7
:10F8300004F59C70FFF7B8F984ED1A0A002084F8EB
:10F84000540094ED0D1A04F18C0520EE010A2846AF
:10F8500000F042F9B4F91C00143400EE100A2846F6
:10F86000B8EEC00A00F0C4F82046BDE8B04000F091
:10F87000C7BA00BF94ED180ADAE700BF0000B4C3AE
:10F8800000003443000000002DE9F0412DED048B11
:10F8900082B016460F469846002231463B46B0EEEF
:10F8A000608AB0EE409A0446002500F085FA43F2E3
:10F8B000D870B0EE480AC0F6010041F6FF72083079
:10F8C000206104F1140000234146CDE9007600F0E8
:10F8D000BFFA43F6841084ED0D9AC0F6010025644A
:10F8E00000F10801216000F15801A430C4E90410BE
:10F8F00000200021C4F22010C4F27021A0644FF057
:10F900008040C4E913104FF4C060A4F8540004F11F
:10F9100058003121C4E90E556564F0F77AFE9FED79
:10F920002C8A0120B0EE480AF0EE480AB0EE481AE0
:10F93000F0EE481AB0EE482AF0EE482A84F8890022
:10F9400004F18C0000F0CCF8B0EE480AF0EE480A62
:10F95000B0EE481AF0EE481AB0EE482AF0EE482A07
:10F96000B0EE483A04F1E400FFF79AF9B0EE480A25
:10F97000F0EE480AB0EE481AF0EE481AB0EE482A07
:10F98000F0EE482AB0EE483A04F59C70FFF788F98B
:10F99000B0EE480AF0EE480AB0EE481AF0EE481A07
:10F9A000B0EE482AF0EE482AB0EE483A04F5C670A8
:10F9B000FFF776F904F5F070FFF76EF804F50770BD
:10F9C000FFF76AF8204602B0BDEC048BBDE8F08179
:10F9D0000000000000000000C0ED001A80ED0D2ABC
:10F9E000C0ED0E2A3C3080EC030A70470000000096
:10F9F00090ED0A1A31EE401A90ED0E0A80ED071ACA
:10FA0000B4EE401AF1EE10FA04DAB5EE401AF1EE57
:10FA100010FA0BDCB1EE400AB4EE401AF1EE10FA27
:10FA200008DDB5EE401AF1EE10FA03DA9FED291A5F
:10FA30000021C16190F8541041B1B0EE410AB0EE1E
:10FA4000412A002180F8541004E000BF90ED082AFC
:10FA500090ED090AB8EE003AB0EE415A31EE424A52
:10FA600090ED106AA2EE035A90ED0F3A23EE044A8D
:10FA700021EE063A90ED0C6A80ED123A80ED144AC0
:10FA800030EE050A34EE065A90ED116A20EE066A51
:10FA900033EE050A90ED0D3A80ED136A36EE000A5A
:10FAA00080ED0B0AB4EE430AF1EE10FA06DCB1EE7B
:10FAB000433AB4EE430AF1EE10FA03DAB0EE430A29
:10FAC00080ED0B3A80ED081A80ED092A80ED0C0AD2
:10FAD000704700BF0000000080ED0A0A7047000078
:10FAE00010B52DED0A8B3021B0EE628AB0EE429A4D
:10FAF000B0EE41AAB0EE60BAB0EE40CA0446E0EC07
:10FB0000011AF0F786FD84ED0D9A002084ED0E8A2F
:10FB100084ED0FCA84ED10BA84ED11AAC4E9120075
:10FB20002065012084F854002046BDEC0A8B10BDEE
:10FB300080EC020A704700000021C0E90011704704
:10FB4000884208BF70470A68026049684160704790
:10FB500070B542F64053416842F6A042C2F200033B
:10FB6000C2F2000202259942037B08BF0125891ACF
:10FB700018BF294673B340F2C462C2F200025318A0
:10FB8000DA781F2A88BF70BD41F6E83E41F6E86C7E
:10FB9000002AC2F2000EC2F2000C02F10106DE7071
:10FBA00042D0CB0103EB82040CEB0403744400BF8E
:10FBB00054F8045C8668B54237D9013A44F80459D0
:10FBC0001D46561C012E55F8046D1E602B46EFD8BD
:10FBD0002AE000BF40F2C463C2F200035A5C1F2A4D
:10FBE0002DD841F6685E42F2680CC2F2000EC2F2F5
:10FBF000000C02F101055D54B2B1CB0103EB8204AC
:10FC00000CEB0403744400BF54F8045C8668B542EE
:10FC10000BD9013A44F804591D46561C012E55F8DB
:10FC2000046D1E602B46EFD800220EEBC1138668D0
:10FC30000CEBC11101EB820143F82260086070BD3A
:10FC40002DE9F04788B042F640556E46C2F20005F5
:10FC5000314628460024CDE906444FF00209CDF88C
:10FC600008904FF001080594CDE90384CDE90044E4
:10FC7000F2F712FF0746284631464FF0804ACDF88A
:10FC800000A0CDF80480F2F707FF384378D142F6A0
:10FC9000A0456E46C2F2000531462846CDE906442D
:10FCA000CDE90298CDE90444CDE90044F2F7F4FE31
:10FCB000074628463146CDF800A0CDF80480F2F77B
:10FCC000EBFE38435CD142F6E0556E46C2F20005C9
:10FCD0000020CDE90600022102914FF001080590B5
:10FCE000CDE90380CDE9000028463146F2F7D4FE85
:10FCF0004FF080410091074628463146CDF80480F8
:10FD0000F2F7CAFE38433BD142F64055C2F2000535
:10FD10002846F3F7EDFC42F6A046C2F20006304654
:10FD2000F3F7E6FC42F6E057C2F200073846F3F775
:10FD3000DFFC0121002228464FF00008F2F7E8FD21
:10FD4000012100223046F2F7E3FD0121002238466E
:10FD5000F2F7DEFD40F600454FF48041C5F602059E
:10FD60000022A5F50060F3F7E3FD082100222846F4
:10FD7000F3F7DEFD4FF4006100222846F3F7D8FDCB
:10FD8000404608B0BDE8F08780B58AB0002918BFAA
:10FD900001218907CDE90101002103910820089183
:10FDA000CDE90401CDE906111846099101A9F2F740
:10FDB000F7FD0AB080BD000010B5044643F62C20C4
:10FDC000C0F601000830227384E80B002046FFF7DC
:10FDD000BFFE204610BD0000408B00EE101A01EE61
:10FDE000100AB8EE400AB8EE411A80EE010A9FED03
:10FDF000021A20EE010A70470000B4430000000020
:10FE000090ED051AB0F9180080EE010A01EE100A13
:10FE1000B8EEC11A20EE010ABDEEC00A10EE100ABB
:10FE20007047000000000000B0F9182000EE101A22
:10FE300001EE102AB8EEC00AB8EEC11A80EE010A2F
:10FE400090ED051A21EE000A704700000000000046
:10FE500080B543F6382C4FF0000EC0F6010C01833C
:10FE60000CF1080C012BC0E900CEDDF80CC00299A2
:10FE7000A0F808E0C0F80CE0A0F810E080ED050A5A
:10FE80004283037722D0002B40F0858042F6A042C7
:10FE9000C2F2000294453FD042F64052C2F2000244
:10FEA000944555D042F6E052C2F20002944572D118
:10FEB000A1F2012107296ED840F2CC63C2F20003FF
:10FEC00003EB810101F14802991C60E042F6A04277
:10FED000C2F2000294452BD042F64052C2F2000218
:10FEE000944543D042F6E052C2F20002944552D10A
:10FEF000A1F20521062988BF80BD40F2347240F28C
:10FF0000CC63C2F20002C2F2000302EB810101F1F4
:10FF10004002591D3BE000BFA1F20122072A3AD856
:10FF200040F2CC61C2F2000101EB820208322EE005
:10FF3000A1F2052106292ED840F2347240F2CC639A
:10FF4000C2F20002C2F2000302EB8102D91C1EE0E1
:10FF5000A1F2012107291ED840F2CC63C2F20003AE
:10FF600003EB810101F12802591C10E0A1F20521E7
:10FF7000062910D840F2347240F2CC63C2F200027B
:10FF8000C2F2000302EB810101F12002191D106091
:10FF90000A7801320A7080BDB0B52DED028B88B0B1
:10FFA000044604A806A98DED060ACDED070A8DEDDD
:10FFB000041ACDED051A00F07FF902AD8DED020AAD
:10FFC0002846CDED030A00F04FF9201D84ED000A0C
:10FFD000FEF7EAFD2846B0EE408A00F051F98DECBC
:10FFE000020AB0EE480A684600F0EAFA08B0BDEC32
:10FFF000028BB0BD00000000F0B5016A022903DAEF
:020000040801F1
:100000009FED7B0AF0BD00BFD0F818E08B1E032BDC
:1000100000EBCE0292ED001A92ED012AA1F101024D
:1000200045F2565102F0030CC5F2555108D29FED2E
:10003000700A0122BCF1000F40F08180F0BD00BFCA
:1000400022F0030300229FED6A0A00BF0EEB0204B8
:100050000432651C934255FB01F606EBD67606EB9F
:100060004606A5EB060504F1020656FB01F700EB78
:10007000C50507EBD77795ED013A95ED004A33EECC
:10008000422A07EB470534EE411AA6EB050504F1B9
:10009000030656FB01F722EE022A00EBC50504F128
:1000A000040495ED005A95ED016A07EBD77536EE1D
:1000B000433AA1EE012A05EB450535EE441AA6EBBD
:1000C000050554FB01F623EE033A00EBC50506EBEC
:1000D000D676B1EEC22AA1EE013A95ED011A06EBF1
:1000E000460631EE464AA4EB060430EE020A95EDD0
:1000F000006A00EBC40436EE455A24EE044A94ED3F
:10010000012AB1EEC33A32EE417A94ED001AA5EE1F
:10011000054A31EE465A27EE076A30EE030AA5EE8D
:10012000056AB1EEC43A30EE030AB1EEC63A30EEDB
:10013000030A8BD10132BCF1000F3FF47FAF724450
:10014000BCF1010F52FB01F303EBD37303EB430349
:10015000A2EB030300EBC30393ED013A33EE424AF3
:1001600093ED002A32EE411A24EE044AA1EE014A30
:10017000B1EEC41A30EE010A3FF460AF531CBCF17B
:10018000020F53FB01F707EBD77707EB4707A3EB0A
:10019000070300EBC30393ED011A31EE434A93EDDD
:1001A000003A33EE422A24EE044AA2EE024AB1EEAD
:1001B000C42A30EE020A08BFF0BD023252FB01F140
:1001C00001EBD17101EB4101511A00EBC10090ED3F
:1001D000012A32EE411A90ED002A32EE432A21EE36
:1001E000011AA2EE021AB1EEC11A30EE010AF0BDF8
:1001F0000000000000000000016A29B1816900EBE5
:10020000C10090EC020A7047DFED020AB0EE600A0E
:10021000704700BF00000000006A70470000000047
:1002200010B586B0D0E9000203900C46049205ABED
:10023000D1E90001CDE9010103A801A9022200F0E2
:1002400035FA94ED011A94ED002A21EE010A9DED94
:10025000053AA2EE020A83EE003A22EE030A61EEAC
:10026000030A06B010BD000090ED010A90ED001ADF
:1002700020EE000AA1EE010AB1EEC00A70470000AC
:1002800090ED010A90ED002A20EE001AA2EE021A6B
:10029000B1EEC11A82EE012AB5EE401A80EE010AD3
:1002A0009FED041AF1EE10FA70FE010A32FE010A07
:1002B000704700BF0000000090ED000A90ED011AA9
:1002C00091ED002A91ED013A30EE420A71EE430AB7
:1002D000704700000000000090ED000A90ED011A48
:1002E000B1EE400AF1EE410A704700000000000044
:1002F00090ED000A90ED011A91ED002A91ED013A7E
:1003000030EE020A71EE030A7047000000000000A0
:100310000C38FCF781BD00000C384FF4B07100F0D0
:100320004AB9000000000000704700000000000013
:100330001038FEF701BD000010384FF4AC7100F02A
:100340003AB9000000000000704700000000000003
:1003500010B50446062084F84500201DFFF750FD27
:1003600000EE100AB8EEC00A84ED170A10BD0000B6
:1003700080ED1D0A7047000080ED1A0A70470000EA
:1003800090ED130A7047000090ED120A70470000CC
:1003900090ED160A7047000010B590F8D441042C77
:1003A00037D1B0F90C10B0EE403AB0EE604A90EDA3
:1003B0000F5A00EE101A00F5E871D0ED1D2A80EDFD
:1003C000133A052280F84520B8EEC00AB0EEC06AA4
:1003D000B4EE456AF1EE10FA0CDD33EE626A26EEF9
:1003E000006AB5EE406AF1EE10FA03DD90ED0D5AA9
:1003F00002E000BF90ED0D0A20EE055AB0EE410A72
:10040000F0EE610AB0EE441A0846F0EE451AFEF727
:100410004FFA201FB0FA80F0400910BD0000000024
:1004200010B590F81042042C35D1B0F90C10B0EE94
:10043000403AB0EE604A90ED0F5A00EE101A00F507
:100440000371D0ED1A2A80ED123A032280F845207C
:10045000B8EEC00AB0EEC06AB4EE456AF1EE10FA2A
:1004600008DD33EE626A26EE006AB5EE406AF1EE10
:1004700010FA01DCB0EE450A90ED095AF0EE610A7F
:1004800080EE055AB0EE410AB0EE441A0846F0EE8E
:10049000451AFEF70DFA201FB0FA80F0400910BD92
:1004A00000F5E870FEF7F0BA00F50370FEF7ECBA5D
:1004B00090ED1D0A7047000090ED1A0A7047000089
:1004C000B0F90C1090ED091A00EE101AB8EEC00A3F
:1004D00080EE010A70470000042180F8451080ED8D
:1004E000130A70470000000080ED120A022180F814
:1004F0004510704700000000002180F8451080ED95
:10050000160A7047000000001438FEF781BF000093
:1005100080ED450A002101757047000000000000D1
:1005200090ED430A7047000090ED031A012121EE7F
:10053000000A90ED041A80ED420A017520EE011ABE
:10054000B6EEC10ABDEEC11A80ED480A80ED491A27
:10055000704700000000000090ED031A012121EE19
:10056000000A90ED041A80ED420A017520EE011A8E
:10057000BDEEC10A80ED490A70470000000000008E
:10058000A0F50770FDF704BFA0F507704FF40E71DA
:1005900000F011B8000000007047000000000000EB
:1005A000A0F507704FF4117100F005B800000000CD
:1005B0007047F0F76FB8FFF7FCBF000000000000C5
:1005C00090ED001A90ED012A21EE001A62EE000A69
:1005D000B0EE410A7047000001A000F011F800BF22
:1005E00050757265207669727475616C2066756EDF
:1005F0006374696F6E2063616C6C65642100000038
:10060000F0F782F870B54FF68311C3F6226102F05D
:1006100017FF4FF07A5102F06FFE044602F0C4FE5D
:10062000054600212046002602F092FE002818BF51
:10063000013D284602F0C6FE0146204602F05CFF5E
:100640004FF0884102F0FCFE044602F0B4FE05467D
:100650004FF04441204602F04FFEB6EB552F0646C0
:1006600014BF00252646284602F0B3FE0146304658
:1006700002F042FF43F66421C0F6010101EB85025E
:1006800051F82540054656684FF07E50294602F045
:1006900033FF214602F0D4FE04462846314602F0DC
:1006A000CFFE0146204602F027FE70BD2DE9F04F37
:1006B00087B00024B4EB920F98460F46064648D008
:1006C0009008CDF8108022F003010292009106EB11
:1006D0008101C0F1000B0191002403973D4600BF4A
:1006E00096E88101F168069195E80206EA680592AC
:1006F00002F0A6FE0146204602F0FEFD0446384602
:10070000494602F09DFE0146204602F0F5FD0446F2
:100710004046514602F094FE0146204602F0ECFDB0
:100720000446DDE9051002F08BFE0146204602F08A
:10073000E3FD1BF1010B06F11006044605F110055F
:10074000CED1039F009807EB8007DDF81080DDE92C
:10075000016212F003000ED0454200BF56F8040BB0
:1007600057F8041B02F06CFE0146204602F0C4FD5F
:1007700001350446F2D1C8F8004007B0BDE8F08F5B
:1007800070B54FF68311C3F6226102F059FE04469C
:1007900002F00AFE054600212046002602F0D8FDA0
:1007A000002818BF013D284602F00CFE01462046F5
:1007B00002F0A2FE4FF0884102F042FE044602F031
:1007C000FAFD05464FF04441204602F095FDB6EB98
:1007D000552F064614BF00252646284602F0F9FD8F
:1007E0000146304602F088FE43F66421C0F601015E
:1007F00001EB850251F82540054656684FF07E50C2
:10080000294602F079FE214602F01AFE04462846E7
:10081000314602F015FE0146204602F06DFD70BD26
:10082000E1B180B5A1F1010E002100BF0EEB010383
:100830004FEA630C50F82C3093420AD038BF0CF1C9
:100840000101934228BFACF1010E7145EEDD4FF07E
:10085000FF3CBDE880406046704700BF4FF0FF306E
:1008600070470000000000002DE9F04F81B02DED31
:10087000108B84B0FFF7E4F942F22C45C2F2000578
:100880002846FCF759FC2846FDF702FA42F2E81A1E
:100890002946C2F2000A5046FDF74EFD44F2D058F8
:1008A0000AF50E70C2F200084146FDF721FA44F63F
:1008B000C82743F6D03644F6204143F6781444F670
:1008C000701B43F62869C2F20007C2F20006C2F2AA
:1008D0000001C2F20004C2F2000BC2F2000906F1EC
:1008E00010002431009104F1100101900BF1240259
:1008F00009F1100307F1240002904046FCF770FC58
:1009000040F23850C2F2000090E8AE004069029018
:100910004046CDE90057FDF723F8B2EE08AAB0EE45
:10092000088A9FED57BA06F18C009FED56CAF0EE8B
:100930004B0A9FED559AB0EE4A0A9FED54DAB0EE9D
:100940004C1AF0EE491AB0EE4D2AF0EE482AFFF7A5
:1009500043F8B1EE08EAB7EE00FADFED4D8AF0EEAB
:10096000490ADFED4C9AB0EE680ADFED4BAAB0EE13
:100970004E1AF0EE491AB0EE692AF0EE6A2AB0EE8D
:10098000483AF0EE4F3A06F59C70FEF779F9B0EE72
:100990004A0AF0EE4B0AB0EE4C1AF0EE491AB0EEED
:1009A0004D2AF0EE482A04F18C00FFF715F8B0EE5E
:1009B000680AF0EE490AB0EE4E1AF0EE491AB0EEAF
:1009C000692AF0EE6A2AB0EE483AF0EE4F3A04F5A2
:1009D0009C70FEF755F9B0EE4A0AF0EE4B0AB0EE05
:1009E0004C1AF0EE491AB0EE4D2AF0EE482A09F101
:1009F0008C00FEF7F1FFB0EE680AF0EE490AB0EEA7
:100A00004E1AF0EE491AB0EE692AF0EE6A2AB0EEFC
:100A1000483AF0EE4F3A09F59C70FEF731F944F68A
:100A20006C160BF11002C2F2000601213046FDF7F0
:100A30005BF844F6C8200121C2F2000000F1100268
:100A40003046FDF751F844F620400121C2F2000083
:100A500000F110023046FDF747F8042130464246C7
:100A6000FDF742F80AF5077206213046FDF73CF81B
:100A700004B0BDEC108B01B0BDE8F04F00F064B8DD
:100A80006666663F9A9909410000000000401C46D6
:100A9000666666400000A042CDCC4C3E00000000DF
:100AA000F2F766FFF7F740FEF7F786F9F7F778F801
:100AB000F7F7DAF8F7F710F9F7F746F9F7F7CCF99F
:100AC000F7F70AFAF7F788FAF7F7C6FAF7F784FBA9
:100AD000F7F7C2FBF7F700FCF7F7FEFAF7F73CFB76
:100AE000F7F73AFA00F018F8F7F736FCFFF7BCFE14
:100AF000FEE7000000000000EFF3058100291CBFA5
:100B00006FF00500704728B180B501F0F9F80020BA
:100B100080BD00BF00207047EFF3058000281CBF98
:100B20006FF00500704740F2C070C2F2000001682B
:100B300000291CBF4FF0FF307047012101600020E9
:100B4000704700000000000010B5EFF3058000289A
:100B50001CBF6FF0050010BD40F2C070C2F2000073
:100B6000016801290CD14EF61F510024CEF200017C
:100B70000C700221016001F093F9204610BD00BF06
:100B80004FF0FF3010BD000010B582B0B0FA80F217
:100B9000EFF305844FEA521C002CB1FA81F21C4697
:100BA0004FEA521242EA0C021CD0002C18BF01245A
:100BB000224318D10022019201AA01F00DFF012861
:100BC0001ED10198C8B14EF604504FF08051CEF2BC
:100BD00000000160BFF34F8FBFF36F8F002002B0A2
:100BE00010BD00BF22B16FF0030002B010BD00BF06
:100BF000224601F0D1FD012806D1002002B010BD2F
:100C00006FF0020002B010BD6FF00100002C08BFB1
:100C10006FF0020002B010BD70B582B0154600241E
:100C20000029EFF3058218BF002803D1204602B047
:100C300070BD00BF002AF9D1B5B1D5E902320BB3BE
:100C4000502AF3D32A69002AF0D001FB00F66C6920
:100C5000B4424FF00004E9D3009401F025FB0646AE
:100C60000028E3D02C6805E0002201F0D9FA0646FE
:100C70000028DBD03046214600F0B6FF344620463F
:100C800002B070BD002AD1D12A69002ACED16A698A
:100C9000002ACBD1002201F0C3FA06460028E1D198
:100CA000C4E7000000000000B0B582B0B0FA80F2E6
:100CB000EFF30585B1FA81F452096409002D1D4650
:100CC00042EA04020AD0002D18BF01252A430BD0A6
:100CD0006FF00304204602B0B0BD00BFF2B16FF068
:100CE0000304204602B0B0BD0022019201AA0023F5
:100CF00001F0AAFC012821D1019828B34EF6045036
:100D00004FF08051CEF2000000240160BFF34F8FFE
:100D1000BFF36F8F204602B0B0BD00BF00232A464C
:100D2000002401F031FB0128D4D06FF00104002D24
:100D300008BF6FF00204204602B0B0BD6FF002049D
:100D4000204602B0B0BD00BF0024204602B0B0BDB6
:100D50002DE9F04184B08E4600240394EFF3058121
:100D6000C0B3B9BB42B39369002B08BF1823382B1B
:100D700030D81179C9072DD157694FEA970C002F48
:100D8000D2E90286654608BF8025B8F1000F1168D8
:100D900024D05C2E1ED31269002A18BF002F19D050
:100DA000CDE9003262467346CDF8088001F0FCFEC2
:100DB00004B0BDE8F08100BF802518230021AAB24D
:100DC00003AFCDE90037734601F0BEFE0399012859
:100DD00008BF0C46204604B0BDE8F081002EF9D1D2
:100DE0001269002AF6D1EAE72DE9F041044600F045
:100DF00003FE40F2B85644F27015C2F20006C2F289
:100E00000005F0680130F060306858B130690028A2
:100E100040F007813068E16AC06A884298BF346058
:100E2000FFE000BF3460F068012840F0FA802846F7
:100E300000F082FD05F1140000F07EFD05F12800B0
:100E400000F07AFD05F13C0000F076FD05F1500060
:100E500000F072FD05F1640000F06EFD05F1780010
:100E600000F06AFD05F18C0000F066FD05F1A000C0
:100E700000F062FD05F1B40000F05EFD05F1C80070
:100E800000F05AFD05F1DC0000F056FD05F1F00020
:100E900000F052FD05F5827000F04EFD05F58C70F6
:100EA00000F04AFD05F5967000F046FD05F5A070CE
:100EB00000F042FD05F5AA7000F03EFD05F5B470A6
:100EC00000F03AFD05F5BE7000F036FD05F5C8707E
:100ED00000F032FD05F5D27000F02EFD05F5DC7056
:100EE00000F02AFD05F5E67000F026FD05F5F0702E
:100EF00000F022FD05F5FA7000F01EFD05F5027008
:100F000000F01AFD05F5077000F016FD05F50C70F0
:100F100000F012FD05F5117000F00EFD05F51670DC
:100F200000F00AFD05F51B7000F006FD05F52070C8
:100F300000F002FD05F5257000F0FEFC05F52A70B5
:100F400000F0FAFC05F52F7000F0F6FC05F53470A2
:100F500000F0F2FC05F5397000F0EEFC05F53E708E
:100F600000F0EAFC05F5437000F0E6FC05F548707A
:100F700000F0E2FC05F54D7000F0DEFC05F5527066
:100F800000F0DAFC05F5577000F0D6FC05F55C7052
:100F900000F0D2FC05F5617000F0CEFC05F566703E
:100FA00000F0CAFC05F56B7000F0C6FC05F570702A
:100FB00000F0C2FC05F5757000F0BEFC05F57A7016
:100FC00000F0BAFC05F57F7000F0B6FC05F5826014
:100FD00000F0B2FC05F2244000F0AEFC05F587609D
:100FE00000F0AAFC05F24C4000F0A6FC40F2947818
:100FF000C2F20008404600F09FFC08F11407384692
:1010000000F09AFC06F1640000F096FC06F13C004A
:1010100000F092FC06F1500000F08EFCC6F81C8037
:1010200037627068716A421CE06A7260884262646A
:1010300088BF706200EB8000211D05EB800000F08E
:10104000BFFC00F001FD306988B13068E16AC06A18
:10105000884228BFBDE8F0814EF604504FF0805121
:10106000CEF200000160BFF34F8FBFF36F8FBDE87A
:10107000F08100000000000040F2B85544F2701604
:101080004EF60458C2F20005C2F20006CEF2000885
:101090004FF0805703E000BF204600F0EDFCA86849
:1010A000D0B100F0A9FCA86CC468201D00F00CFCB5
:1010B000E8680138E860A8680138A86000F0C4FC5E
:1010C00094F859000228EAD00128E5D070B9206BC5
:1010D00000F0D2FCE0E700BF30680228DFD3C8F898
:1010E0000070BFF34F8FBFF36F8FD8E74FF0500002
:1010F00080F31188BFF36F8FBFF34F8FFEE70000BF
:101100002DE9F0470A9C16460F468246206B910057
:10111000A5229846DDE90859EFF773FA206B002FF6
:1011200000EB8600A0F1040020F0070654D03878C8
:1011300084F83400387800284AD0787884F835006C
:101140007878002844D0B87884F83600B878002839
:101150003ED0F87884F83700F878C8B3387984F846
:1011600038003879A0B3787984F83900787978B381
:10117000B87984F83A00B87950B3F87984F83B002C
:10118000F87928B3387A84F83C00387A00B3787A52
:1011900084F83D00787AD8B1B87A84F83E00B87AFD
:1011A000B0B1F87A84F83F00F87A88B1387B84F8D7
:1011B0004000387B60B1787B84F84100787B38B19F
:1011C000B87B84F84200B87B10B1F87B84F8430008
:1011D000002084F8430002E0002084F83400372D1A
:1011E00004F1040028BF37250027C4E91357E5623E
:1011F00000F0AEFB04F1180000F0AAFBC5F13800C6
:10120000A06130465146424624616462676584F8B5
:10121000587000F041FBB9F1000F206018BFC9F809
:101220000040BDE8F087000008480068006880F3CF
:1012300008884FF0000080F3148862B661B6BFF3EF
:101240004F8FBFF36F8F00DF00BF000008ED00E09D
:1012500081B00020009040F25050C2F200000068BF
:101260004FF0500181F31188BFF36F8FBFF34F8FA1
:10127000013003D0FEE700BF009838B9009828B9C4
:101280000098002804BF00980028F5D001B07047EE
:1012900088B040F2306A0DF11009C2F2000AEB4644
:1012A000DAF8080005681DB1C068046801E000BFF5
:1012B000002400F06DFE01F0C7FCDAF810100646BD
:1012C000884220D3002DCAF8106051D0A6424FD3D7
:1012D00001F0CAFDDAF80800C068C7683D1D28465D
:1012E00000F0F2FA97F82800410745D400F0FE001C
:1012F00087F8280084E000BF68603946DAF8080003
:101300002D6100F029FBDAF80800016831B3C068EC
:10131000C56804682F1D384600F0D6FA296A2846A9
:10132000884795F828004007EDD5A8692044A042D9
:10133000E2D8DAF80000002800F0488104A9002073
:1013400031C101F071FCDAF80000002200234946A7
:1013500001F01AF80028D6D138E100BFDAF80C10F5
:10136000CAF81060CAE9021001F07EFD1AE100BF60
:1013700065B1002210E000BFB8693F6101197960D2
:10138000B1421FD90AF1080021E000BFDAF80C00D1
:101390000068B0FA80F04209DAF80000A11B00F002
:1013A0007BFC01F061FD002840F0FC804EF604500B
:1013B0004FF08051CEF200000160BFF34F8FBFF3BA
:1013C0006F8FEFE0311B814206D20AF10C000068FA
:1013D000294600F0C1FA13E0DAF80000002800F016
:1013E000138104A9002091C101F01EFCDAF800006D
:1013F00000220023494600F0C7FF002800F00481C6
:10140000396A38468847CDE00098B0F1FF3F07DCE5
:10141000DDE90120039990470098002800F1C2807F
:10142000029E706910B1301D00F04EFA01F00CFC04
:10143000DAF81010074688420DD30098CAF81070E9
:1014400009283FD9AEE000BF68602146DAF80800FD
:101450002D6100F081FADAF80800016841B3C06834
:10146000C568D0F800802C1D204600F02DFA296AAE
:101470002846884795F828004007ECD5A8694044DD
:101480004045E1D8DAF80000002800F095800020FF
:101490000695CDE9040801F0C7FBDAF80000002248
:1014A0000023494600F070FF0028D4D184E000BF3B
:1014B000DAF80C10CAE902100098CAF8107009286E
:1014C00000F27080DFE800F0060606444862060677
:1014D000444800BF96F82800019A366140F00101A7
:1014E000B06986F8281083183146BB4241F8043FA2
:1014F00006D997420AF1080007D293420AD204E0C3
:10150000BA1A824206D20AF10C00006800F024FAEE
:1015100048E000BF316A3046884796F82800400707
:1015200040D5DAF8000000285AD00198B1690022AD
:1015300004920844CDE9050601F076FBDAF80000D4
:1015400000220023494600F01FFF58BB48E000BFBF
:1015500096F8280022E000BF96F8280040F001012C
:101560000198002886F82810B06143D038440AF169
:101570000C023146B84288BF0AF1080241F8040F54
:101580003661106800F0E8F90CE000BF96F828001A
:10159000810703D4304600F06FFA03E000F0FE004C
:1015A00086F82800DAF800000022594601F0F4F825
:1015B00000287FF429AF73E64FF0500080F31188C4
:1015C000BFF36F8FBFF34F8FFEE700BF4FF05000A8
:1015D00080F31188BFF36F8FBFF34F8FFEE700BF1B
:1015E0004FF0500080F31188BFF36F8FBFF34F8F20
:1015F000FEE700BF4FF0500080F31188BFF36F8FFC
:10160000BFF34F8FFEE700BF4FF0500080F311880B
:10161000BFF36F8FBFF34F8FFEE7000000000000A5
:10162000F0B581B0044600F0E7F994F94560012E69
:1016300010DB04F1240503E0F0B2013E012809D9D2
:10164000286838B1284601F0D3FB0028F4D000F018
:10165000A3FBF1E7FF2684F8456000F0F5F900F000
:10166000CBF994F94470012F10DB04F1100503E06D
:10167000F8B2013F012809D9286838B1284601F09D
:10168000B7FB0028F4D000F087FBF1E784F8446052
:1016900001B0BDE8F04000F0D7B900000000000044
:1016A000B0B5044600F074FC40F26C6CC2F2000C61
:1016B000DCF8040050B19CF80000002818BF4FF07F
:1016C00000404FF0000544BB83E000BF44F6785073
:1016D000C2F20000420700F5705200F1070122F04B
:1016E000070218BF21F00700A2F10803CCF804306C
:1016F0000021CCE9060142E90211191A4160DCF827
:101700000420026001208CF800004FF00040CCE97A
:101710000211002C4FF000055BD0204059D124F07D
:10172000070000F11002600708BF04F10802DCF8AE
:101730000800511E81424CD2604650F818EFDEF886
:10174000043093422BD2DEF80010B9B174464B68D6
:10175000934217D20D68ADB16B68934216D22868D8
:10176000A0B14368934215D204689CB16368934268
:1017700014D22168A6460029E9D110E00CF1180026
:101780000DE000BF8E46204609E000BFAE46084689
:1017900005E000BF8646284601E000BFA646DCF80B
:1017A00004108E4514D0991A03681129DEF8004000
:1017B00004604DD30EEB0205680719D04FF05000BE
:1017C00080F31188BFF36F8FBFF34F8FFEE700BF29
:1017D000002501F049FB68075AD04FF0500080F314
:1017E0001188BFF36F8FBFF34F8F00BFFEE700BFBD
:1017F0000CF118006960CEF8042000BF0168A9420E
:101800000AD20868A8420BD20168A94204D208682B
:101810000A46A842F2D304E00246084601E000BFAF
:101820000A4654681119A942696802D12144154633
:1018300051606C18844207D1DCF80440A0421EBFFE
:10184000D0E9000421446960AA42286018BF1560ED
:10185000DEF8040003F10805DCE90212091ACCF8ED
:101860000810914238BFCCF80C109CF800100029E9
:101870004FF0000118BF40F00040CEE90010DCF846
:1018800010000130CCF8100001F0EEFA6807A4D186
:101890002846B0BD0000000041F2512321F00101B3
:1018A00040F8081C4FF0807140F8041CA0F144017E
:1018B000C0F6010340F80C3C6FF0020340E9093226
:1018C0000846704700000000D0E9013201699A60C3
:1018D000D0F808C04A6882424FF00002CCF80430C9
:1018E00008BFC1F804C002610868013808600868D0
:1018F000704700000000000048F67C33C2F200038D
:10190000036048F67C10C2F200000860802010607E
:10191000704700000000000048F6D873C2F20003D0
:10192000036048F6D830C2F2000008604FF48070BF
:10193000106070470000000002464FF0FF3142F88F
:10194000081F00214260C0E90322016070470000C7
:10195000002101617047000010B5D1F800E01EF1D0
:10196000010213D000F1080462681368734511D8AE
:1019700053681C68744511D85A68146874450FD8A8
:101980005468A44623687345EED90BE00269D2F887
:1019900004C007E09446224604E000BF9C4601E0F4
:1019A00094461A46C1F804C0CCF808108A60516009
:1019B000086101680131016010BD000000000000F5
:1019C000D0F800C043684B609A688A609A68996052
:1019D000086151600CF101010160704700000000D6
:1019E000DFF80C00016841F47001016070470000ED
:1019F00088ED00E0000000004FF0500080F31188F7
:101A0000BFF36F8FBFF34F8F40F25050C2F2000010
:101A10000168002901F10101016001D0704700BF98
:101A20004EF60450CEF200000068000608BF704772
:101A30004FF0500080F31188BFF36F8FBFF34F8FCB
:101A4000FEE700000000000040F25050C2F200002B
:101A5000016839B10139016018BF7047002080F377
:101A6000118870474FF0500080F31188BFF36F8FDB
:101A7000BFF34F8FFEE7000070B5002808BF70BDB0
:101A800040F26C650446C2F200052878002818BFB1
:101A90004FF0004054F8041C08420DD0A4F1080691
:101AA00032689AB14FF0500080F31188BFF36F8F06
:101AB000BFF34F8FFEE700BF4FF0500080F3118857
:101AC000BFF36F8FBFF34F8FFEE700BF21EA000027
:101AD00044F8040C00F05CFA54F8041CA8680844AC
:101AE000A86005F1180000BF0368B3420AD2186865
:101AF000B04225D20368B34204D218681A46B042F5
:101B0000F2D301E0024618465368D418B44202D119
:101B10001944164651607318834206D16B68984287
:101B20001EBFD0E9000319447160B242306018BF93
:101B30001660686901306861BDE8704001F094B9D1
:101B40001A465368D418B442E5D1E1E7000000001A
:101B50004EF210000021CEF2000044F6D352C1F242
:101B600062020160816040F20801C2F2000109686E
:101B7000A1FB02124FF0FF3101EB921141600721EE
:101B8000016070470000000040F28C60EFF30581B7
:101B90001029C2F2000011D34EF2F032CEF2000250
:101BA000895C0278914209D24FF0500080F311888D
:101BB000BFF36F8FBFF34F8FFEE700BF4EF60C51A0
:101BC000CEF200010968406801F4E061814298BFEB
:101BD00070474FF0500080F31188BFF36F8FBFF351
:101BE0004F8F00BFFEE7000049F2340CC2F2000C38
:101BF000DCF8002022B3634653F8082F42B3634653
:101C000053F8102F52B3634653F8182F62B363464C
:101C100053F8202F72B3634653F8282F82B36346DC
:101C200053F8302F92B3634653F8382F002A18BF69
:101C3000704707220CEBC20219605060704700BF6A
:101C4000002263460CEBC20219605060704700BF6F
:101C500001220CEBC20219605060704702220CEBAB
:101C6000C20219605060704703220CEBC202196077
:101C70005060704704220CEBC2021960506070473C
:101C800005220CEBC20219605060704706220CEB73
:101C9000C20219605060704770B515460E46044682
:101CA000FFF7AAFE94F84400FF280DD094F84500F1
:101CB000FF2810D0FFF7C8FEA06BA0B12046BDE8FA
:101CC0007040FFF7ADBC00BF002084F8440094F8DA
:101CD0004500FF28EED1002084F84500FFF7B4FE50
:101CE000A06B0028EAD104F1240031462A4600F016
:101CF00097F82046BDE87040FFF792BC0000000056
:101D000070B588B340F2B8550446C2F20005686960
:101D100050B14FF0500080F31188BFF36F8FBFF3C5
:101D20004F8F00BFFEE700BF686901306861AE6990
:101D300028680430FFF7C8FD2868A419446005D35B
:101D4000286A29680431FFF707FE08E0E869296876
:101D50000431FFF701FEE86A844238BFEC6201F00B
:101D600083F8002818BF70BD4EF604504FF0805124
:101D7000CEF200000160BFF34F8FBFF36F8F70BDD5
:101D800040F2B851C2F200018A6B02608969416079
:101D9000704700000000000040F2B8500121C2F27C
:101DA000000001637047000070B5D8B140F2B8542C
:101DB0000D46C2F2000421681831FFF7CDFDA66977
:101DC00020680430FFF780FD681C15D02068AD192D
:101DD000456019D3206A21680431BDE87040FFF7DF
:101DE000BBBD00BF4FF0500080F31188BFF36F8F71
:101DF000BFF34F8FFEE700BF54F8500B011D204684
:101E0000BDE87040FFF7DCBDE06921680431FFF7F1
:101E1000A3FDE06A854238BFE56270BD00000000A6
:101E2000F0B581B0C0B140F2B8540D46C2F2000422
:101E3000164621681831FFF7C3FDA76920680430F2
:101E4000FFF742FD96B154F8500B011D204601B03A
:101E5000BDE8F040FFF7B4BD4FF0500080F31188AB
:101E6000BFF36F8FBFF34F8FFEE700BF2068ED1900
:101E7000456007D3206A2168043101B0BDE8F04015
:101E8000FFF76ABDE06921680431FFF765FDE06A8C
:101E9000854238BFE56201B0F0BD000000000000DF
:101EA00010B588B0002005A9CDE9050006A804AA50
:101EB000FFF722FD059800283ED0069C002C45D057
:101EC000049A5C21079107995C2949D107992063FD
:101ED000022084F8590007A80021CDE9001041F242
:101EE000790029A1C0F6010000230294FFF708F948
:101EF0002046FEF779FF40F2B8540798C2F200047A
:101F0000A062B0B101F028F8411C33D0012810D1F3
:101F10004FF0500080F31188BFF36F8FBFF34F8FE6
:101F20004FF0FF30E062012020610020A06100F04E
:101F300097F808B010BD00BF4FF0500080F3118833
:101F4000BFF36F8FBFF34F8FFEE700BF4FF050001E
:101F500080F31188BFF36F8FBFF34F8FFEE700BF91
:101F60004FF0500080F31188BFF36F8FBFF34F8F96
:101F7000FEE700BF4FF0500080F31188BFF36F8F72
:101F8000BFF34F8FFEE700BF49444C4500000000FF
:101F900040F2B850C2F2000041690131416170471E
:101FA00080B540F2B85EC2F2000EDEF8141019B12E
:101FB0000121CEF8301080BD0021CEF83010DEF8BF
:101FC000241044F2701CC2F2000C01EB81035CF897
:101FD00023208AB101EB81020CEB820353F8042F1A
:101FE000181D52681A60824220D0D068CEF80000D6
:101FF000CEF8241080BD00BF0CEB8302A2F12803B1
:10200000E1B15A6922BB012918D01A6812BB022912
:1020100014D053F8142CFAB903290FD053F8282CF4
:102020000439002AA3F15003EAD0D3E752681A60BA
:10203000D068CEF80000CEF8241080BD4FF05000DC
:1020400080F31188BFF36F8FBFF34F8FFEE700BFA0
:102050000139BFE70239BDE70339BBE700000000E3
:10206000B0B584B04EF2004C4CF27021CEF2000CB0
:10207000C4F20F114B1CDCF800299A420AD14FF030
:10208000500080F31188BFF36F8FBFF34F8F00BFF5
:10209000FEE700BFDCF800298A4209D14FF050006A
:1020A00080F31188BFF36F8FBFF34F8FFEE700BF40
:1020B0009CF800100291FF218CF800109CF8001091
:1020C0008DF8071040F28C619DF80720C2F20001E4
:1020D00002F050020A7007224A609DF90720B2F10F
:1020E000FF3F6BDC0322D31C4B609DF807004000D0
:1020F0008DF807009DF90700B0F1FF3F25DC931C28
:102100004B609DF8070040008DF807009DF907001F
:10211000B0F1FF3FDFBF531C4B609DF8070040004C
:10212000DEBF8DF807009DF90700B0F1FF3F0CDC22
:102130004A60043A9DF8070040008DF807009DF9B9
:102140000700B0F1FF3FCEDD131D032B36D14FF456
:102150004070486002988CF80000DCF8200940F4D8
:102160007000CCF82009DCF8200940F07040CCF871
:102170002009FFF7EDFC40F250540025C2F20004A4
:102180002560FFF72DFC4EF63470CEF2000001689A
:1021900041F040410160FFF747F8FFF701FF039569
:1021A00020684FF0500181F31188BFF36F8FBFF3A8
:1021B0004F8F01300ED000BFFEE700BF4FF0500040
:1021C00080F31188BFF36F8FBFF34F8FFEE700BF1F
:1021D000039838B9039828B90398002804BF0398D6
:1021E0000028F5D0002004B0B0BD000000000000C1
:1021F00080B54FF0500080F31188BFF36F8FBFF3AD
:102200004F8F00F029FD30B14EF604504FF0805151
:10221000CEF200000160002080F3118880BD000034
:10222000C0B32DE9F0410646484314460F465030EE
:10223000FFF736FA054650B328464FF00008002F46
:1022400085F8468018BF5030C5E90F672860FFF752
:10225000D3FBD5E90F012A68C5F8388001FB0023BC
:10226000013800FB01206A60C5E90230FF2085F8D3
:10227000440085F8450005F11000FFF75DFB05F10E
:102280002400FFF759FBFFF7DFFB85F84C40284699
:10229000BDE8F0814FF0500080F31188BFF36F8FDD
:1022A000BFF34F8FFEE7000070B582B070B11C46DF
:1022B000B3B1F9B9F2B14FF0500080F31188BFF318
:1022C0006F8FBFF34F8F00BFFEE700BF4FF050008E
:1022D00080F31188BFF36F8FBFF34F8FFEE700BF0E
:1022E0004FF0500080F31188BFF36F8FBFF34F8F13
:1022F000FEE700BF51B14AB94FF0500080F311889A
:10230000BFF36F8FBFF34F8FFEE700BF50230193E2
:10231000019B502B2ED1019B0123002984F84630CC
:1023200008BF2246069E2260C4E90F01FFF764FB46
:10233000D4E90F012268002501FB0023013800FBCE
:102340000120A5636260C4E90230FF2084F84400E4
:1023500084F8450004F11000FFF7EEFA04F12400C0
:10236000FFF7EAFAFFF770FB84F84C60204602B0F2
:1023700070BD00BF4FF0500080F31188BFF36F8F26
:10238000BFF34F8FFEE700002DE9F04F83B00292BC
:10239000C0B104461D4617460E46E9B1022D02D1D2
:1023A000E06B01285AD100F03FFC18BB17B34FF087
:1023B000500080F31188BFF36F8FBFF34F8F00BFC2
:1023C000FEE700BF4FF0500080F31188BFF36F8F1E
:1023D000BFF34F8FFEE700BF206C0028DED04FF028
:1023E000500080F31188BFF36F8FBFF34F8F00BF92
:1023F000FEE700BFFFF700FB022DA06B65D0E16B8D
:10240000884262D30298002800F016816846FFF7E0
:10241000B7FCFFF719FBFFF7BBFDFFF7EDFA94F8E8
:102420004400FF2802D1002084F8440094F84500BD
:10243000FF2802D1002084F84500FFF705FB68461D
:1024400002A900F035FB98B12046FFF7E9F800F04B
:102450000BFD002003B0BDE8F08F00BF4FF050002F
:1024600080F31188BFF36F8FBFF34F8FFEE700BF7C
:1024700004F11008FFF7C0FAD4F83890E76BFFF7C3
:10248000E3FAB94516D102994046FFF78DFC204684
:10249000FFF7C6F800F0E8FC88B94EF604504FF09C
:1024A0008051CEF200000160BFF34F8FBFF36F8FFA
:1024B00005E000BF2046FFF7B3F800F0D5FCFFF7BA
:1024C0009BFAA06BE16B884264D2A76B226CDAB1F5
:1024D00025B3E0683146EEF71DF8E168206C22680C
:1024E000091A9142E16003D24042A1680844E060C9
:1024F000A81E3946B0FA80F0002F18BF012140090C
:1025000008403F1A17E000BF20680025A0B9A06866
:1025100000F026FCA56005460EE000BF606831466D
:10252000EDF7F8FFD4E90101226C104460608842A5
:1025300001D3206860600025781CA06354F8240F44
:10254000A0B1204600F054FC50B14EF604504FF0BC
:102550008051CEF200000160BFF34F8FBFF36F8F49
:10256000FFF772FA012003B0BDE8F08F002DF7D01D
:102570004EF604504FF08051CEF200000160BFF3E0
:102580004F8FBFF36F8FFFF75FFA012003B0BDE8F5
:10259000F08F00BFE94602AF0CE000BF2046FFF716
:1025A0003FF800F061FCFFF727FAA06BE16B88426F
:1025B000FFF48BAF029800283ED0FFF745FAFFF7F3
:1025C000E7FCFFF719FA94F84400FF2802D1002035
:1025D00084F8440094F84500FF2802D1002084F8D4
:1025E0004500FFF731FA4846394600F061FA002805
:1025F0007FF42AAFFFF700FAD4F838A0D4F83CB043
:10260000FFF722FADA45C9D102994046FFF7CCFB21
:102610002046FFF705F800F027FC0028C3D14EF64E
:1026200004504FF08051CEF200000160BFF34F8F95
:10263000BFF36F8FB7E700BFFFF706FA002003B0C4
:10264000BDE8F08F000000002DE9F04700B305461B
:102650001E4614460F4629B3022E02D1E86B01280C
:1026600052D1FFF791FAEFF311884FF0500080F349
:102670001188BFF36F8FBFF34F8F022EA86B1FD04F
:10268000E96B88421CD3002088F31188BDE8F087ED
:102690004FF0500080F31188BFF36F8FBFF34F8F5F
:1026A000FEE700BF286C0028D6D04FF0500080F322
:1026B0001188BFF36F8FBFF34F8F00BFFEE700BFDE
:1026C00095F84590A86BD5F838A02A6C32B36EB354
:1026D000E8683946EDF71EFFE968286C2A68091A90
:1026E0009142E96003D24042A9680844E860B01E04
:1026F0005146B0FA80F0BAF1000F18BF012140092D
:102700000840AAEB000A1EE04FF0500080F3118849
:10271000BFF36F8FBFF34F8FFEE700BF286890B9FC
:10272000A86800F01DFB0020A8600CE0686839462E
:10273000EDF7F0FED5E901012A6C1044686088428B
:1027400001D328686860B9F1FF0F0AF10100A8639E
:1027500010D155F8240F88B1284600F049FB0146F6
:102760000120002C18BF00290ED188F31188BDE884
:10277000F08700BF09F1010085F84500012088F3CA
:102780001188BDE8F08700BF206088F31188BDE89C
:10279000F0870000000000002DE9F04F83B00292A6
:1027A00090B1044616460D46002947D000F03CFA89
:1027B000A0B99EB14FF0500080F31188BFF36F8F26
:1027C000BFF34F8FFEE700BF4FF0500080F311883A
:1027D000BFF36F8FBFF34F8FFEE700BFFFF70CF91A
:1027E000D4F838A0BAF1000F36D0226C52B1D4E937
:1027F00002011144E160814201D32168E160284671
:10280000EDF788FEAAF10100A06354F8100F70B133
:10281000204600F0EDFA50B14EF604504FF08051D2
:10282000CEF200000160BFF34F8FBFF36F8F012422
:10283000FFF70AF9204603B0BDE8F08F206C0028AE
:10284000B4D04FF0500080F31188BFF36F8FBFF307
:102850004F8F00BFFEE700BF0298002800F0B48051
:102860006846FFF78DFAFFF7EFF8FFF791FBFFF7E8
:10287000C3F894F84400FF2802D1002084F84400F3
:1028800094F8450004F12408FF2802D1002084F8C0
:102890004500FFF7D9F8684602A900F009F978B1B8
:1028A0002046FEF7BDFE00F0DFFAFFF7A5F8A66BA5
:1028B000FFF7CAF82EBB0024204603B0BDE8F08F16
:1028C000FFF79AF8A66BFFF7BFF82EB12046FEF788
:1028D000A7FE00F0C9FA14E002994046FFF764FA37
:1028E0002046FEF79DFE00F0BFFA50B94EF60450A8
:1028F0004FF08051CEF200000160BFF34F8FBFF365
:102900006F8FFFF779F8D4F838A0BAF1000F7FF491
:102910006CAF4FF00009EB4602AE13E02046FEF725
:102920007FFE00F0A1FAFFF767F8A76BFFF78CF8BE
:10293000002FC0D0FFF760F8D4F838A0BAF1000F2C
:102940007FF453AF029800283ED0FFF77DF8FFF7E1
:102950001FFBFFF751F894F84400FF2808BF84F8E4
:10296000449094F84500FF2808BF84F84590FFF78D
:102970006BF85846314600F09BF80028CED1FFF79F
:102980003BF8A76BFFF760F837B12046FEF748FE2B
:1029900000F06AFACEE700BF02994046FFF704FA5A
:1029A0002046FEF73DFE00F05FFA0028C2D14EF649
:1029B00004504FF08051CEF200000160BFF34F8F02
:1029C000BFF36F8FB6E700BF0024FFF73DF8204646
:1029D00003B0BDE8F08F00002DE9F04381B000287E
:1029E0003ED0054691460E46002943D0FFF7CCF86D
:1029F000EFF311884FF0500080F31188BFF36F8F11
:102A0000BFF34F8FAF6B002F42D095F844402A6C34
:102A100052B1D5E902011144E960814201D329682C
:102A2000E9603046EDF776FDFF2CA7F10100A863C1
:102A300034D155F8100F002833D0284600F0D8F9CB
:102A4000B9F1000F01464FF0010003D0002918BF73
:102A5000C9F8000088F3118801B0BDE8F08300BF19
:102A60004FF0500080F31188BFF36F8FBFF34F8F8B
:102A7000FEE700BF286C0028B8D04FF0500080F36C
:102A80001188BFF36F8FBFF34F8F00BFFEE700BF0A
:102A9000002088F3118801B0BDE8F083601C85F840
:102AA0004400012088F3118801B0BDE8F0830000E4
:102AB000B0B538B30D4679B30446FEF79DFF40F23A
:102AC000B85CC2F2000CDCF8182029684B1C2DD031
:102AD000D4E9000EDCF83830834201D072452DD2A3
:102AE000A2EB0E02914227D9881A2860DCF8380040
:102AF0002060DCF8180060600024FEF7A5FF204687
:102B0000B0BD00BF4FF0500080F31188BFF36F8F4E
:102B1000BFF34F8FFEE700BF4FF0500080F31188E6
:102B2000BFF36F8FBFF34F8FFEE700BF0024FEF7A8
:102B30008BFF2046B0BD00BF002028600124FEF7B7
:102B400083FF2046B0BD00002DE9F04383B0074667
:102B50009000984615468946FEF7A2FDF8B1064654
:102B60005C20FEF79DFDB8B104460022DDE90A10A5
:102B70002663434684F859202A46CDE9001038469A
:102B800049460294FEF7BCFA2046FEF72DF90120D3
:102B900003B0BDE8F08300BF3046FEF76DFF4FF095
:102BA000FF3003B0BDE8F08370B586B00B9CDCB19C
:102BB0000C9E1EB35C250495049D5C2D28D1DDF888
:102BC00028C0049D3463022586F85950CDF800C012
:102BD00005ADCDE90156FEF793FA3046FEF704F94C
:102BE000059806B070BD00BF4FF0500080F311880B
:102BF000BFF36F8FBFF34F8FFEE700BF4FF0500062
:102C000080F31188BFF36F8FBFF34F8FFEE700BFD4
:102C10004FF0500080F31188BFF36F8FBFF34F8FD9
:102C2000FEE700000000000040F2B850C2F20000D1
:102C3000016929B14069B0FA80F04009400070474D
:102C4000012070470000000040F2B850C2F20000BE
:102C500080697047000000002DE9F04381B040F228
:102C6000B856C2F20006706940B1706B00240130A2
:102C70007063204601B0BDE8F08300BFB06910F179
:102C80000109C6F8189020D3F069006850B14FF0E0
:102C9000500080F31188BFF36F8FBFF34F8F00BFD9
:102CA000FEE700BFF069316AF1613062B06B01305C
:102CB000B063F069006828B1F069C068C068406816
:102CC00002E000BF4FF0FF30F062F06A44F270188B
:102CD0008145C2F2000801D200242EE0F0690024F0
:102CE000006813E0F86A716A8842294688BF7062FA
:102CF00000EB800008EB8000FEF762FEF86A3168A6
:102D0000C96AF269884228BF0124106890B1F0694D
:102D1000C068C7683D4655F8040F81450CD3284666
:102D2000FEF7D2FDB86A0028DCD007F11800FEF7E4
:102D3000CBFDD7E74FF0FF30F0623068C06A00EBA0
:102D4000800058F82000012888BF0124306B00283B
:102D500018BF0124204601B0BDE8F0830000000048
:102D600070B588B140F2B8560446C2F20006306829
:102D7000A0420BD04FF0500080F31188BFF36F8F4B
:102D8000BFF34F8FFEE700BF002070BD206D18B36A
:102D9000013820654FF000001DD1E16AE26C9142DC
:102DA00008BF70BD251D2846FEF78EFDE06CE06271
:102DB000C0F13801A161716A884244F2701188BF84
:102DC000706200EB8000C2F2000101EB8000294636
:102DD000FEF7F6FD012070BD4FF0500080F3118822
:102DE000BFF36F8FBFF34F8FFEE7000000000000BE
:102DF00070B5C068C5686DB105F118042046FEF7CE
:102E000063FD40F2B856C2F20006706960B106F187
:102E100064001AE04FF0500080F31188BFF36F8F09
:102E2000BFF34F8FFEE700BF2C1D2046FEF74CFD81
:102E3000E86A716A884244F2701188BF706200EBE0
:102E40008000C2F2000101EB80002146FEF7B8FDD0
:102E5000E86A3168C96A884202D90120306370BDCE
:102E6000002070BD000000002DE9F04140F2B8558F
:102E7000C2F20005686968B1FEF7BEFD68690138F5
:102E80006861686980B10024FEF7DEFD2046BDE878
:102E9000F08100BF4FF0500080F31188BFF36F8FB7
:102EA000BFF34F8FFEE700BFE8680028EBD0686EE5
:102EB00088B344F270164FF00108C2F2000600BF5A
:102EC000286FC76807F11800FEF7FEFC3C1D20467E
:102ED000FEF7FAFCF86A696A8842214688BF686290
:102EE00000EB800006EB8000FEF76AFDF86A2968B7
:102EF000C96A884228BFC5F83080686E0028DFD1D3
:102F0000E869006820B1E869C068C068406801E00D
:102F10004FF0FF30E8626C6B4CB10126FFF79CFE6E
:102F2000002818BF2E63013CF8D100206863286B8D
:102F30000028A8D04EF604504FF08051CEF2000089
:102F400001240160BFF34F8FBFF36F8FFEF77CFD4D
:102F50002046BDE8F081000070B586B0FEF74CFD5C
:102F600040F23066C2F20006306808BB06F1140475
:102F70002046FEF7E1FC06F128052846FEF7DCFCBA
:102F800044F2800244F22013C2F20002C2F20003B3
:102F90000A201021C6E9024500250095FFF784F9B3
:102FA000306028B144F26821C0F60101FEF71CFE32
:102FB000FEF74AFD3068D8B1002004A9CDE904002D
:102FC00005A803AAFEF7A8FCDDE9032002210023DF
:102FD000CDE9001041F291200AA1C0F60100059D43
:102FE0000295FFF7E1FD706010B1012006B070BDE1
:102FF0004FF0500080F31188BFF36F8FBFF34F8FF6
:10300000FEE700BF546D7220537663004100080252
:1030100018BF04200A0E18BF40F001004FF07F4295
:1030200032EA010108BF40F00200012808BF052074
:103030007047000070B54FF068422DED048BF0EE44
:10304000408A18EE900AB0EE608A18EE101A02EB71
:103050004003B3F1654F3CBF02EB4102B2F1654F53
:103060007DD200BFC0F3C753C1F3C7529A1A1B2ABF
:1030700009DD10F0004F14BF9FED830A9FED830A16
:10308000BDEC048B70BD12F11A0F36DA11F0004F4F
:1030900009D010F0004F0CBF9FED7D0A9FED7D0A17
:1030A000BDEC048B70BD88EE889A19EE100AFFF70C
:1030B000ADFF042808BF00F017F918EE900AFFF7DB
:1030C000A5FF054618EE100AFFF7A0FF044619EE0B
:1030D000100AFFF79BFF042D18BF052D08D1042C03
:1030E00018BF052C04D1002804BF0220EDF7FEFA1A
:1030F000B0EE490ABDEC048B70BD4200B2EB410F4B
:103100003AD910F0004F19BFDFED630A9FED630A53
:10311000DFED630A9FED630AB0EE481A0A46B1EE8E
:10312000688A80F00041F0EE418A10460A1A520087
:10313000B2F1807F34D2484010F0004FDFED5A1AD0
:103140009FED5A2A1DBFBEEE001A70EEE10A30EE66
:10315000420AB6EE001A08BF70EEA10A00E040E095
:1031600008BF30EE020AB0EE682A01EE482A08EEE7
:10317000818AC2EE081A15E011F0004F04BF9FEDDE
:103180004C0AF0EE400AD1D010F0004F19BFDFED2D
:10319000490A9FED490ADFED490A9FED490AC5E753
:1031A000C8EE881A21EEA11A9FED462ADFED462AC5
:1031B00041EE022A9FED452A01EE222ADFED442A44
:1031C00041EE022A9FED432ABDEC048B01EE222A38
:1031D00021EE811A01EE020A30EE210A30EE200AB9
:1031E00070BD4FF07F42B2EB400F28BFB2EB410FF2
:1031F00009D2F0EE480AB0EE680ABDEC048BBDE8D7
:10320000704000F06DB840EA01035B0008BF41F078
:10321000FF410BD0B2EB400F08BFB2EB410F08D11A
:1032200020F0804008EE900A21F0804108EE101A4C
:1032300018E7B2EB400F12BF5FEA410340F0FF40D6
:1032400001F000413FF40EAFB2EB410F12BF5FEA55
:10325000400200F0004041F0FF413FF403AF4A005C
:1032600092EA40033FF5FEAE002AACBF9FED1A0A7A
:103270009FED1A0A68EE808A28EE008A18EE900AFE
:1032800018EE101AEEE60000DB0FC9BFDB0FC93FD6
:10329000DB0F4940DB0F49C00000C9BF22AAFDB9BE
:1032A0000000C93F22AAFD390060ED3EC30ACE37B7
:1032B00000000000000049C022AA7DBA0000494079
:1032C00022AA7D3A2DAD65BD8FB8D53D0FB511BE93
:1032D00061C84C3EA8AAAABE0000804F0000802F03
:1032E00030EE200A704700009FED020A20EE000A2F
:1032F000704700000000001000EE100A00EE901A67
:1033000030EE200A10EE100A704710B500F034F8C5
:103310000CBF0120002010BD10B500F02DF814BF27
:103320000120002010BD10B500F05AF88CBF01201C
:10333000002010BD10B500F053F82CBF0120002074
:1033400010BD10B500F064F894BF0120002010BD3E
:1033500010B500F05DF834BF0120002010BD401012
:1033600058BFC0F14040491058BFC1F140418142AF
:10337000EFF300807047000000EE100A00EE901A94
:10338000B4EE600AF1EE10FA78BF704700F000B8B2
:1033900010B500F05EF800BF922449004FF00050D5
:1033A0004FF08051FFF7DBBF00EE100ABDEEC01AF0
:1033B00011EE100A704700EE100ABCEEC01A11EEB2
:1033C000100A704700EE100AB8EEC00A10EE100A9C
:1033D000704700EE100AB8EE400A10EE100A70476F
:1033E00000EE100A00EE901AB4EE600AF1EE10FA48
:1033F00078BF704700F000B810B500F02AF800BFA1
:10340000922449004FF080504FF00051FFF7A7BFC2
:1034100000EE100A00EE901AB4EE600AF1EE10FA17
:1034200078BF7047AFF3008010B500F012F800BF0E
:10343000922449004FF000504FF08051FFF78FBFAA
:1034400000EE100A00EE901A20EE200A10EE100A8C
:1034500070470EF1020E2EF0030E5EF8044B24426C
:1034600004D44FEA4102B2F17F4F11D84FEA400332
:10347000B3F17F4F0CD80ED14FEAD07C0CEB4C0C43
:103480000CF1020CB2F17F4F08BF4CEBD17C04E091
:103490004FF0080C01E04FEAD17C0CEB4C0324FA0E
:1034A00003F404F00704B4F1040C06D20EEB840C10
:1034B000BDE810404CF0010C6047DFE80CF0070855
:1034C00002024FF00040A0F5800010BD0846420007
:1034D00018BFD2F1807288BF00F0004010BDF1EE3D
:1034E000100A4FF6FF71C0F2C03120EA010040F02F
:1034F0004070E1EE100A704700EE100A00EE901ADC
:1035000030EE600A10EE100A704700000000000064
:1035100000000000000000000000000000000000AB
:103520000100000002000000030000000400000091
:103530000000000005000000000000000000000086
:103540000000000006000000000000000000000075
:1035500000000000070000000004081020400104E3
:103560000810204000002110422063308440A55004
:10357000C660E770088129914AA16BB18CC1ADD1B9
:10358000CEE1EFF13112100273325222B552944261
:10359000F772D662399318837BB35AA3BDD39CC309
:1035A000FFF3DEE36224433420040114E664C774AD
:1035B000A44485546AA54BB528850995EEE5CFF559
:1035C000ACC58DD55336722611163006D776F66601
:1035D0009556B4465BB77AA719973887DFF7FEE7A9
:1035E0009DD7BCC7C448E5588668A77840086118CD
:1035F00002282338CCC9EDD98EE9AFF948896999F9
:103600000AA92BB9F55AD44AB77A966A711A500AA0
:10361000333A122AFDDBDCCBBFFB9EEB799B588B48
:103620003BBB1AABA66C877CE44CC55C222C033CEC
:10363000600C411CAEED8FFDECCDCDDD2AAD0BBD98
:10364000688D499D977EB66ED55EF44E133E322E40
:10365000511E700E9FFFBEEFDDDFFCCF1BBF3AAFE8
:10366000599F788F8891A981CAB1EBA10CD12DC146
:103670004EF16FE18010A100C230E32004502540DC
:1036800046706760B9839893FBA3DAB33DC31CD33C
:103690007FE35EF3B1029012F322D232354214522C
:1036A00077625672EAB5CBA5A89589856EF54FE588
:1036B0002CD50DC5E234C324A0148104667447647C
:1036C00024540544DBA7FAB79987B8975FE77EF7DC
:1036D0001DC73CD7D326F2369106B01657667676CC
:1036E000154634564CD96DC90EF92FE9C899E989A8
:1036F0008AB9ABA94458654806782768C018E1081C
:103700008238A3287DCB5CDB3FEB1EFBF98BD89B7B
:10371000BBAB9ABB754A545A376A167AF10AD01A6B
:10372000B32A923A2EFD0FED6CDD4DCDAABD8BADC7
:10373000E89DC98D267C076C645C454CA23C832CBB
:10374000E01CC10C1FEF3EFF5DCF7CDF9BAFBABF1B
:10375000D98FF89F176E367E554E745E932EB23E0B
:10376000D10EF01E00000000010203040102030458
:1037700006070809010002000400060008000A000C
:103780000C0010002000400080000001000000003C
:1037900000000000D9CE000819CE0008D9D10008D9
:1037A000D1D10008F4FFFFFF000000001103010861
:1037B00029030108190301080000000000000000AF
:1037C00019D3000889E3000899DA0008ECFFFFFF2D
:1037D0000000000031E300080000000000000000CD
:1037E000D9050108D905010889DC000879DC000841
:1037F00081DC000851DC000879DC000859DC000895
:1038000061DC000879DC000869DC000869DC00087C
:1038100069DC000871DC000869DC000869DC00086C
:1038200069DC00080000000000000000D905010864
:103830000000000000000000B9F1000859F0000885
:1038400061E40008B9E4000881E4000889E40008A4
:1038500091E4000899E40008A1E4000869E4000884
:1038600071E4000879E40008A9E40008B1E4000864
:1038700091E3000881E6000879E60008E4FDFFFF17
:10388000000000008105010899050108890501086B
:103890000000000000000000B9F1000859F0000825
:1038A00061E4000859E8000881E4000889E40008A0
:1038B00009E8000899E40008A1E4000869E40008A8
:1038C00071E4000879E40008A9E40008B1E4000804
:1038D00091E3000881E60008A9E80008E4FDFFFF85
:1038E0000000000081050108B1050108A1050108DB
:1038F0000000000000000000E1EC000881EE00087C
:1039000089EE000829ED0008B9EE000839ED00083D
:10391000B1EF0008A9EF0008F0FFFFFF0000000072
:10392000310301084903010839030108DCFFFFFFE7
:1039300000000000210501082905010859050108BA
:1039400079DC000881DC00081105010879DC000839
:1039500059DC000861DC000879DC000869DC00083B
:1039600069DC000869DC000871DC000869DC00081B
:1039700069DC000869DC0008D8FFFFFF00000000D8
:1039800031E300080000000000000000B1F2000870
:1039900011F4000801F4000831F7000841F70008AD
:1039A00079F7000869F7000839F7000809F40008FA
:1039B00059F70008E1F3000869F50008F1F500087F
:1039C00021F7000829F70008E1F40008D9F40008FD
:1039D000D1F40008F0FFFFFF00000000C10401085F
:1039E000F904010889DC0008B9040108E9040108A8
:1039F00051030108D9040108710301087903010882
:103A0000B10401089903010821040108A104010877
:103A1000A904010891030108890301088103010831
:103A2000ECFFFFFF00000000090501080000000096
:103A300000000000D905010800000000000000009F
:103A4000D90501080001020304050607080C10143B
:103A5000182030400101010307010000080402049E
:103A60000801010100000000920E493CB10AC93C66
:103A70002BC3163D2EFB483D752B7B3D04A9963D7F
:103A800080B6AF3D36BDC83D2FBCE13D73B2FA3DB7
:103A900087CF093E8340163EB5AB223EA2102F3E93
:103AA000CF6E3B3EC2C5473E0115543E135C603E9F
:103AB0007F9A6C3ECCCF783EC07D823E938E883E0E
:103AC000229A8E3E32A0943E86A09A3EE59AA03E6F
:103AD000128FA63ED47CAC3EEF63B23E2A44B83E81
:103AE000491DBE3E15EFC33E53B9C93ECA7BCF3E0A
:103AF0004136D53E80E8DA3E4F92E03E7533E63EF1
:103B0000BBCBEB3EEA5AF13ECBE0F63E275DFC3EF6
:103B1000E4E7003F3D9C033F824B063F9BF5083F97
:103B20006B9A0B3FDA390E3FCDD3103F2A68133F13
:103B3000D9F6153FC07F183FC6021B3FD17F1D3FFE
:103B4000CBF61F3F9967223F25D2243F5636273FA9
:103B50001594293F4AEB2B3FDE3B2E3FBB85303F80
:103B6000C9C8323FF304353F233A373F4268393FF3
:103B70003B8F3B3FF9AE3D3F67C73F3F70D8413F6A
:103B800001E2433F03E4453F65DE473F12D1493F31
:103B9000F8BB4B3F029F4D3F207A4F3F3D4D513F79
:103BA0004918533F31DB543FE595563F5348583F42
:103BB0006AF2593F1A945B3F532D5D3F05BE5E3F4D
:103BC0002146603F97C5613F5A3C633F59AA643F15
:103BD000880F663FD86B673F3CBF683FA7096A3FC5
:103BE0000C4B6B3F5E836C3F93B26D3F9ED86E3F34
:103BF00073F56F3F0809713F5213723F4714733FCB
:103C0000DD0B743F0BFA743FC6DE753F07BA763F93
:103C1000C58B773FF853783F9812793F9DC7793F1E
:103C200002737A3FBE147B3FCDAC7B3F283B7C3F89
:103C3000C9BF7C3FAC3A7D3FCCAB7D3F23137E3F79
:103C4000B0707E3F6DC47E3F580E7F3F6D4E7F3F0C
:103C5000AB847F3F0FB17F3F97D37F3F43EC7F3FE4
:103C600011FB7F3F0000803F11FB7F3F43EC7F3F14
:103C700097D37F3F0FB17F3FAB847F3F6D4E7F3F38
:103C8000580E7F3F6DC47E3FB0707E3F23137E3F52
:103C9000CCAB7D3FAC3A7D3FC9BF7C3F283B7C3FEE
:103CA000CDAC7B3FBE147B3F02737A3F9DC7793F0B
:103CB0009812793FF853783FC58B773F07BA763F24
:103CC000C6DE753F0BFA743FDD0B743F4714733F3C
:103CD0005213723F0809713F73F56F3F9ED86E3FD4
:103CE00093B26D3F5E836C3F0C4B6B3FA7096A3FFD
:103CF0003CBF683FD86B673F880F663F59AA643F57
:103D00005A3C633F97C5613F2146603F05BE5E3F19
:103D1000532D5D3F1A945B3F6AF2593F5348583F19
:103D2000E595563F31DB543F4918533F3D4D513FD8
:103D3000207A4F3F029F4D3FF8BB4B3F12D1493F86
:103D400065DE473F03E4453F01E2433F70D8413F12
:103D500067C73F3FF9AE3D3F3B8F3B3F4268393F2E
:103D6000233A373FF304353FC9C8323FBB85303F64
:103D7000DE3B2E3F4AEB2B3F1594293F5636273F1B
:103D800025D2243F9967223FCBF61F3FD17F1D3FAD
:103D9000C6021B3FC07F183FD9F6153F2A68133F64
:103DA000CDD3103FDA390E3F6B9A0B3F9BF5083F9E
:103DB000824B063F3D9C033FE4E7003F275DFC3E0E
:103DC000CBE0F63EEA5AF13EBBCBEB3E7533E63E26
:103DD0004F92E03E80E8DA3E4136D53ECA7BCF3E88
:103DE00053B9C93E15EFC33E491DBE3E2A44B83EF5
:103DF000EF63B23ED47CAC3E128FA63EE59AA03E65
:103E000086A09A3E32A0943E229A8E3E938E883EA1
:103E1000C07D823ECCCF783E7F9A6C3E135C603E84
:103E20000115543EC2C5473ECF6E3B3EA2102F3E09
:103E3000B5AB223E8340163E87CF093E73B2FA3DB2
:103E40002FBCE13D36BDC83D80B6AF3D04A9963DCF
:103E5000752B7B3D2EFB483D2BC3163DB10AC93C5B
:103E6000920E493C00000000920E49BCB10AC9BC48
:103E70002BC316BD2EFB48BD752B7BBD04A996BD7B
:103E800080B6AFBD36BDC8BD2FBCE1BD73B2FABDB3
:103E900087CF09BE834016BEB5AB22BEA2102FBE8F
:103EA000CF6E3BBEC2C547BE011554BE135C60BE9B
:103EB0007F9A6CBECCCF78BEC07D82BE938E88BE0A
:103EC000229A8EBE32A094BE86A09ABEE59AA0BE6B
:103ED000128FA6BED47CACBEEF63B2BE2A44B8BE7D
:103EE000491DBEBE15EFC3BE53B9C9BECA7BCFBE06
:103EF0004136D5BE80E8DABE4F92E0BE7533E6BEED
:103F0000BBCBEBBEEA5AF1BECBE0F6BE275DFCBEF2
:103F1000E4E700BF3D9C03BF824B06BF9BF508BF93
:103F20006B9A0BBFDA390EBFCDD310BF2A6813BF0F
:103F3000D9F615BFC07F18BFC6021BBFD17F1DBFFA
:103F4000CBF61FBF996722BF25D224BF563627BFA5
:103F5000159429BF4AEB2BBFDE3B2EBFBB8530BF7C
:103F6000C9C832BFF30435BF233A37BF426839BFEF
:103F70003B8F3BBFF9AE3DBF67C73FBF70D841BF66
:103F800001E243BF03E445BF65DE47BF12D149BF2D
:103F9000F8BB4BBF029F4DBF207A4FBF3D4D51BF75
:103FA000491853BF31DB54BFE59556BF534858BF3E
:103FB0006AF259BF1A945BBF532D5DBF05BE5EBF49
:103FC000214660BF97C561BF5A3C63BF59AA64BF11
:103FD000880F66BFD86B67BF3CBF68BFA7096ABFC1
:103FE0000C4B6BBF5E836CBF93B26DBF9ED86EBF30
:103FF00073F56FBF080971BF521372BF471473BFC7
:10400000DD0B74BF0BFA74BFC6DE75BF07BA76BF8F
:10401000C58B77BFF85378BF981279BF9DC779BF1A
:1040200002737ABFBE147BBFCDAC7BBF283B7CBF85
:10403000C9BF7CBFAC3A7DBFCCAB7DBF23137EBF75
:10404000B0707EBF6DC47EBF580E7FBF6D4E7FBF08
:10405000AB847FBF0FB17FBF97D37FBF43EC7FBFE0
:1040600011FB7FBF000080BF11FB7FBF43EC7FBF10
:1040700097D37FBF0FB17FBFAB847FBF6D4E7FBF34
:10408000580E7FBF6DC47EBFB0707EBF23137EBF4E
:10409000CCAB7DBFAC3A7DBFC9BF7CBF283B7CBFEA
:1040A000CDAC7BBFBE147BBF02737ABF9DC779BF07
:1040B000981279BFF85378BFC58B77BF07BA76BF20
:1040C000C6DE75BF0BFA74BFDD0B74BF471473BF38
:1040D000521372BF080971BF73F56FBF9ED86EBFD0
:1040E00093B26DBF5E836CBF0C4B6BBFA7096ABFF9
:1040F0003CBF68BFD86B67BF880F66BF59AA64BF53
:104100005A3C63BF97C561BF214660BF05BE5EBF15
:10411000532D5DBF1A945BBF6AF259BF534858BF15
:10412000E59556BF31DB54BF491853BF3D4D51BFD4
:10413000207A4FBF029F4DBFF8BB4BBF12D149BF82
:1041400065DE47BF03E445BF01E243BF70D841BF0E
:1041500067C73FBFF9AE3DBF3B8F3BBF426839BF2A
:10416000233A37BFF30435BFC9C832BFBB8530BF60
:10417000DE3B2EBF4AEB2BBF159429BF563627BF17
:1041800025D224BF996722BFCBF61FBFD17F1DBFA9
:10419000C6021BBFC07F18BFD9F615BF2A6813BF60
:1041A000CDD310BFDA390EBF6B9A0BBF9BF508BF9A
:1041B000824B06BF3D9C03BFE4E700BF275DFCBE0A
:1041C000CBE0F6BEEA5AF1BEBBCBEBBE7533E6BE22
:1041D0004F92E0BE80E8DABE4136D5BECA7BCFBE84
:1041E00053B9C9BE15EFC3BE491DBEBE2A44B8BEF1
:1041F000EF63B2BED47CACBE128FA6BEE59AA0BE61
:1042000086A09ABE32A094BE229A8EBE938E88BE9D
:10421000C07D82BECCCF78BE7F9A6CBE135C60BE80
:10422000011554BEC2C547BECF6E3BBEA2102FBE05
:10423000B5AB22BE834016BE87CF09BE73B2FABDAE
:104240002FBCE1BD36BDC8BD80B6AFBD04A996BDCB
:10425000752B7BBD2EFB48BD2BC316BDB10AC9BC57
:10426000920E49BC00000080546D725100000000A5
:1042700098420108000000205805000030030008A3
:1042800078430108580500202091000090030008A1
:10429000198AFFFF00000000320142102C90D00369
:1042A0000413F9AB140831AC1B0841041A71041A49
:1042B000A1041AD1141A0908411311A7140861A501
:1042C0004C0869A8101AC10C13A9A41B082108C125
:1042D0001B61A63419041AB9041AF91C1409024303
:1042E00013020125C03209041B01020B1305241619
:1042F00010010524011009010424020205240617F7
:10430000010705820308151009040133020A2E076C
:1043100005010240072A810711130A0632022A40CA
:10432000B41A12231302021E4083044057591B0281
:1043300003151B3908BC19041A29041A69041A91B7
:10434000040726040309041A03025C1819F709FD7F
:104350006C09FD6C09FD6C09CD6C400D508D173D4D
:104360007B142E3E9A99993E180AAE47E13EBD5203
:08437000C63EAA014100000055
:020000042400D6
:1000000000000000000000000000000000000000F0
:1000100000000000000000000000000000000000E0
:1000200000000000000000000000000000000000D0
:1000300000000000000000000000000000000000C0
:080040000000000000000000B8
:04000005080002CD20
:00000001FF
